model,random_state,accuracy,sensitivity,specificity,balanced_accuracy,f1,PubchemFP646_gini/coefs,PubchemFP758_gini/coefs,PubchemFP580_gini/coefs,PubchemFP504_gini/coefs,PubchemFP385_gini/coefs,PubchemFP697_gini/coefs,PubchemFP528_gini/coefs,PubchemFP499_gini/coefs,PubchemFP391_gini/coefs,PubchemFP338_gini/coefs,PubchemFP405_gini/coefs,PubchemFP399_gini/coefs,PubchemFP647_gini/coefs,PubchemFP23_gini/coefs,PubchemFP716_gini/coefs,PubchemFP186_gini/coefs,PubchemFP439_gini/coefs,PubchemFP150_gini/coefs,PubchemFP621_gini/coefs,PubchemFP812_gini/coefs,PubchemFP712_gini/coefs,PubchemFP3_gini/coefs,PubchemFP673_gini/coefs,PubchemFP261_gini/coefs,PubchemFP386_gini/coefs,PubchemFP378_gini/coefs,PubchemFP689_gini/coefs,PubchemFP374_gini/coefs,PubchemFP363_gini/coefs,PubchemFP152_gini/coefs,PubchemFP308_gini/coefs,PubchemFP611_gini/coefs,PubchemFP494_gini/coefs,PubchemFP527_gini/coefs,PubchemFP258_gini/coefs
1,655,0.8626373626373627,0.6341463414634146,0.9290780141843972,0.7816121778239059,0.6753246753246753,0.04218806573404319,0.03087205840634958,0.03456454320148705,0.02600828348465786,0.03049038154007863,0.031233673390956042,0.030646824433657727,0.024239691364865024,0.03667281615635743,0.0367961226924968,0.033942622638309015,0.02267252896570591,0.02069281016127509,0.0318377636754857,0.023931079188891168,0.031077171309208236,0.037340275299016096,0.02330180769441548,0.029432629096569244,0.019141308643429215,0.02712981499290476,0.04229343830764068,0.030050465665421383,0.027476210817179086,0.026036436824688244,0.029319360793433273,0.02747595966869738,0.02576185580813953,0.02603753074061497,0.02424288720259338,0.022748249353814004,0.02573245827427853,0.021454894725622627,0.02233100559904913,0.024826974148668555
2,115,0.8406593406593407,0.6382978723404256,0.9111111111111111,0.7747044917257684,0.6741573033707866,0.040014716403566464,0.030684625668538183,0.030684569561953513,0.029153744962927795,0.025397039869899333,0.030545596012314827,0.030665681581688854,0.025932792283849787,0.03791657440845626,0.04446843962791598,0.030344378761371426,0.020322127295454146,0.019985698721506833,0.030166560578640166,0.02967827669641338,0.03653194211809451,0.03718781417868445,0.025846010185321323,0.030520718188518658,0.024600736013440875,0.02956052663383015,0.025575288154527323,0.029041583624737206,0.03172298280848094,0.0274464953165884,0.029954402059744967,0.02876402608971036,0.027190086413035202,0.01973783273993279,0.021566155930901613,0.02745913559380575,0.030742487973459104,0.014221389291604986,0.021958297012879217,0.024411267238205255
3,26,0.8461538461538461,0.5714285714285714,0.9115646258503401,0.7414965986394557,0.588235294117647,0.04371570053108351,0.030145459861255736,0.03032789409585809,0.031233225661994955,0.02499458082238547,0.02894708238127299,0.03298258810763223,0.02467820848214644,0.033454533103554306,0.03454762329683741,0.028567505491487344,0.018786965876843264,0.024351408945787495,0.029675132132636034,0.02773988912018059,0.03462009178855152,0.04138162430662886,0.025030707498950137,0.030924484043409636,0.02770842827454616,0.03024872282857884,0.040134949823715356,0.028535872517565716,0.031972748723343804,0.03059625797201509,0.027632327688920464,0.027417199257304885,0.025232711917041843,0.019516637846646253,0.02296951033225033,0.01975885592347633,0.024957896729571775,0.020172513793186634,0.02007484997675999,0.026965810846580545
4,760,0.8516483516483516,0.6,0.9115646258503401,0.7557823129251701,0.608695652173913,0.03876765584559991,0.030020313827788806,0.02881581853274521,0.02412106866224555,0.02436013839898971,0.03169946634307077,0.04079505026492667,0.025591312320788775,0.0298173938544492,0.03911999330640368,0.03380854218971251,0.022130690995181182,0.0209706443269762,0.032865056392973345,0.027812851025975572,0.035033769387039226,0.03773947629097289,0.027241872541182776,0.03252080094198585,0.023590586448931437,0.028536812231619208,0.03894582671586437,0.029594173136084055,0.03108049875742995,0.02792398108738224,0.02810752610139073,0.028942593392156546,0.028893727904290456,0.02525303741284274,0.018515086662718488,0.02234633174099925,0.026150167394388055,0.012483171766443278,0.019913391333263843,0.02649117246518754
5,282,0.8571428571428571,0.6511627906976745,0.920863309352518,0.7860130500250962,0.6829268292682927,0.0410843862124345,0.03005003300547048,0.027387802251649548,0.027362974868095316,0.03090157946463851,0.029527096922553776,0.02752671875241223,0.027146461098770894,0.038582543135711925,0.03547747191048897,0.04204258932890797,0.01986692486543486,0.023079768396407314,0.032550407309069745,0.030660125572521534,0.0300208500013465,0.03343300569404051,0.021828354663781906,0.03723063960991575,0.022545773910517087,0.026949857459006944,0.028147336037651165,0.028660162012632495,0.030081897951324224,0.028956501387320817,0.02766267465449558,0.0330316425361099,0.026487071260199502,0.020798383945479258,0.020394818848677793,0.02672990666599969,0.02351634792075598,0.019314548650460756,0.02250482509149066,0.028458518604225765
6,251,0.8626373626373627,0.5641025641025641,0.9440559440559441,0.754079254079254,0.6376811594202899,0.03640577311678599,0.03085874650414738,0.027104287382077822,0.030979642110532786,0.027754221986408145,0.029084917733266408,0.031008812886061117,0.029235525415676707,0.036525608355727296,0.034944894588000666,0.03969197457712375,0.02302426068743217,0.020346082069477,0.034347552626833804,0.030240142597704318,0.03527031968636491,0.030904719777030364,0.023325888066673833,0.027599818233892456,0.02101565764380592,0.03623107207004645,0.025036713415111052,0.032252804939485326,0.031004101593282082,0.026894204604927193,0.028934294229604453,0.027210358677843122,0.024890409539733874,0.020672194197090887,0.022915660570269482,0.0277992751416736,0.027547568222132664,0.02226117839033346,0.021415474816778166,0.02526584354666521
7,229,0.7967032967032966,0.56,0.8863636363636364,0.7231818181818181,0.6021505376344087,0.04765773318963401,0.023847084825039323,0.02538574880726682,0.027526768378870206,0.02295690442509961,0.03448158881791173,0.030482951707704552,0.02760015200770137,0.04140738590604731,0.03237851733459165,0.042892037680271555,0.022104718808479588,0.02160039538308239,0.03152989257001291,0.025827901457353718,0.03867501826127913,0.035322718663313844,0.026299798208590117,0.03554030221562108,0.01935839466841753,0.026000177724269796,0.03506993015529721,0.028858520120078876,0.02406136263508364,0.026267053645976972,0.029922920386560813,0.025295982625596715,0.026403248970653083,0.020936117676551475,0.024284794321049387,0.026533148829803385,0.030061876781711162,0.0160061784025407,0.02035023980517029,0.02707243460336806
8,143,0.8571428571428571,0.6818181818181818,0.9130434782608695,0.7974308300395256,0.6976744186046512,0.03376643916054063,0.02984732450727556,0.025989527652065015,0.030100163835088102,0.025319454416972285,0.028523199240234373,0.03259266378214902,0.02743322455832272,0.037282708571067455,0.033589249757220684,0.040086283204729865,0.025310234108886474,0.0216636997446582,0.03126262139081845,0.029662154994782156,0.032198684008677196,0.03775363992896532,0.02478146840413182,0.035332197467492416,0.02126117782362145,0.03135631111922297,0.025795714458865637,0.02738319373590147,0.02766648334157399,0.026717082622099483,0.031944935643990806,0.03002199063189764,0.031002484744206384,0.023402214783193088,0.023864088885487016,0.024365569241381783,0.027693514951213877,0.01389680657341249,0.02101659098736532,0.030116901722488838
9,755,0.8681318681318682,0.7142857142857143,0.9047619047619048,0.8095238095238095,0.6756756756756757,0.04266236396654548,0.033369613738849106,0.03435867454957785,0.028165551590534257,0.02510325278251987,0.02815986273624544,0.0340248586890816,0.023699692758093468,0.030859242586940366,0.03888930409785366,0.031091531446537958,0.022961868810702155,0.023012988933571493,0.03315772499017326,0.027269041953752956,0.03717983611050401,0.03901748491816767,0.023080104926781145,0.03033371728787694,0.021624859901890402,0.03144511964949341,0.024269260035009635,0.03179144058438831,0.028041598819459442,0.02562847521984884,0.030349911515708948,0.029921536628341898,0.02885847274116702,0.02203980262126549,0.02100013425076531,0.022694020877665446,0.02794059687635145,0.021085517861073867,0.022781638718411112,0.024130896824850673
10,105,0.8406593406593407,0.6304347826086957,0.9117647058823529,0.7710997442455243,0.6666666666666667,0.03914622070766463,0.03295344330319751,0.03152365054972333,0.029565052829358014,0.02951712827000115,0.027247516186096287,0.032369324333145,0.02401985251450968,0.038291048498998635,0.034498535704944926,0.03326933628332506,0.02624656248076766,0.02226781750264047,0.03292142101140286,0.021608780873448686,0.03435143013712441,0.03453664023958506,0.025689108910274844,0.027346750590566533,0.021218860561599488,0.03397504055742095,0.021429781168827162,0.03366267495713692,0.028983491270883732,0.027780176136218852,0.03458261471417177,0.027563539592767694,0.02662311174269936,0.019305877129259526,0.028593322158449223,0.02446714712157163,0.027706793276448538,0.013860912277171514,0.022350055450153773,0.030526980958445245
11,693,0.8791208791208791,0.6590909090909091,0.9492753623188406,0.8041831357048748,0.7250000000000001,0.04457732774343414,0.02632047124011826,0.026108940859075083,0.031208510286952696,0.024591623429503374,0.03164206971477087,0.034747733760007546,0.025745411866885053,0.03793368823140244,0.04229877707933464,0.03122437199247713,0.02347959783147637,0.022768300360597744,0.03244898547086841,0.024698632455897974,0.037402627251232716,0.03432463487582305,0.02916412042923401,0.029537774143042785,0.021900266068157155,0.030564800350693366,0.022848825009507977,0.027590021378561053,0.027548469592323908,0.026183765543707847,0.038629638597052374,0.02685250769559616,0.026515830562751436,0.02668100085662263,0.026302548287606847,0.02316117034362692,0.023036020482012278,0.01665191025248077,0.02050247442928737,0.024807151527877765
12,759,0.8736263736263736,0.5625,0.94,0.75125,0.6101694915254238,0.038933799594740734,0.03163292768431512,0.02544367395198824,0.028294058212332298,0.030907740999773888,0.030082760775332566,0.035294863122374565,0.02676222643112967,0.036584329935316996,0.037750888409328005,0.031148007989460037,0.023736177578431245,0.022569581597901348,0.027790157116619457,0.025943793520485814,0.030722430218412103,0.04575084117128617,0.026662002499988388,0.03278040025180672,0.02257395049780762,0.0301439690291052,0.030667927286617956,0.027621464223971288,0.027354924112598423,0.02630049800558955,0.028198029581957225,0.027144940910781578,0.028219067159639774,0.015723566341228026,0.02521807097452542,0.024473562336755513,0.03316173830428379,0.014608130821627102,0.023237077247407943,0.026562422105080176
13,914,0.8571428571428571,0.7058823529411765,0.8918918918918919,0.7988871224165341,0.6486486486486486,0.038204643606259615,0.02766921178008865,0.030008689353447485,0.026366263113788316,0.02620758971040124,0.03020285717185635,0.028297004253669343,0.025343243614380312,0.032876688568278155,0.046784143392420666,0.04036866683371019,0.024055717992762283,0.01982420974921555,0.03392661207671915,0.028004458474689842,0.03863882361530667,0.03561036338432299,0.027779113111090457,0.030838727314237473,0.02510592617751497,0.03052775933897867,0.026044748618424034,0.02847643558919808,0.03053885878168643,0.02352283832416243,0.03385919444721257,0.028342895721238538,0.02826554346627738,0.019984103082037494,0.02354786980649429,0.0265748293709857,0.022919386782064653,0.017803394587799774,0.020455055831600247,0.02302413295768001
14,559,0.8956043956043956,0.75,0.9315068493150684,0.8407534246575342,0.7397260273972601,0.03831661938928474,0.03491140423919441,0.032959574115574125,0.02689478123757181,0.02549411464043395,0.026404884700225176,0.037328973117415044,0.027671511522867044,0.03888761861040339,0.03564207126764067,0.042534688533409235,0.021076403724279748,0.019183439496561035,0.029509373273985704,0.022346428600792074,0.03391933837594988,0.032759481397299305,0.02373229270705104,0.030045734644646493,0.021256675062548403,0.030925460206691346,0.030397556635342642,0.03020141422194573,0.0290833811771948,0.02583088387641485,0.03255363422588759,0.026405989223238,0.027966039345589288,0.025131525608898645,0.02329272148569634,0.022729263129182234,0.02693537201884522,0.019547350863259497,0.023563430927839742,0.02456056839684074
15,90,0.8571428571428571,0.675,0.9084507042253521,0.7917253521126761,0.675,0.04008817124676134,0.032467560007868664,0.029757741587486158,0.026124598980205777,0.03254805307421814,0.030366261641769008,0.02981762647648217,0.027815481335096467,0.03201023098185151,0.03427496374179186,0.031500685522260846,0.024349834048681566,0.022198085603313558,0.033296359047640556,0.021334145750538814,0.03252016765052046,0.04243879560550295,0.03154681065597355,0.035737966165908394,0.025860257271092535,0.02989054819046478,0.01715376228149572,0.029010507298139355,0.027130260861184474,0.025833019270576043,0.02800694250639509,0.02760703960931804,0.025391416066682018,0.02082207377207007,0.027300622914868306,0.0273591904932675,0.030771882159611366,0.02327464037409349,0.02009045005688076,0.02430384774998881
16,605,0.8626373626373627,0.7317073170731707,0.900709219858156,0.8162082684656633,0.7058823529411764,0.03795238869431216,0.031738663997727755,0.02501590441762831,0.029080017783851605,0.024940150524882406,0.02907373213486568,0.03220298286535309,0.026976397002413135,0.03278689062729293,0.028757183108411653,0.038310752961769105,0.02216320840410346,0.019852715689643384,0.032029062415002515,0.024072795955178684,0.03248112316137036,0.0349822181661497,0.023762087525451604,0.03693820932280898,0.016601808994018568,0.0367073584737965,0.038092845894334065,0.02845032913147429,0.02928149466394904,0.028049281511963425,0.0342363272060727,0.02491458897658395,0.028954926069654895,0.023752240714658458,0.02123411506083319,0.024831467481273285,0.030451008762623716,0.02016881724214356,0.023182184825692332,0.02797472023271149
17,433,0.9065934065934066,0.8285714285714286,0.9251700680272109,0.8768707482993198,0.7733333333333333,0.04160032852163689,0.027184684635406485,0.026922886751710985,0.028710302807104352,0.027202098344015067,0.029399613893615482,0.034557956745350095,0.027384028970998515,0.03761622087151811,0.037996350193911434,0.03563393278137963,0.021242154509682074,0.021718821489764548,0.03160185220995645,0.023746585638740093,0.03637728544800238,0.03699597775819016,0.022937435527818194,0.03758360637804714,0.019714058515003283,0.03142133136186973,0.026785412013118796,0.030934416132676015,0.031263172276765464,0.028134501944274325,0.029312335097485667,0.02586162078157128,0.02936603904132078,0.02391113158783991,0.022784515591680394,0.02086347202075262,0.024560447144285732,0.016085562658029837,0.024171014318367705,0.02841884603811042
18,33,0.8736263736263736,0.717948717948718,0.916083916083916,0.8170163170163169,0.708860759493671,0.040525976621255046,0.028330492796215665,0.03136007890553613,0.02457628138941342,0.024459822663261542,0.030717918366925938,0.0344253078106833,0.027783940527385365,0.045445099747101175,0.0435066832298366,0.035813170222867556,0.02274122933508684,0.02158187537939305,0.02790584213011566,0.028851012250448827,0.032494605858744474,0.03182697984689933,0.025139843608094504,0.03210982473675318,0.022766440715639307,0.029632664100669216,0.029524879023969004,0.02752112562133079,0.025904983742386117,0.026801089387951227,0.028810002829234866,0.03220713621977395,0.028321158975792064,0.018534888470986804,0.022929929171334257,0.023363425954014187,0.026111857040538804,0.017070880701302367,0.022420927965132443,0.028482624653927147
19,31,0.8901098901098901,0.8421052631578947,0.9027777777777778,0.8724415204678362,0.761904761904762,0.036082654615453714,0.031032479980320996,0.027422217388848064,0.028106963428060572,0.026974115595221393,0.035393178381902986,0.027988065178234427,0.025692875635562558,0.03314793952482589,0.03468274581950547,0.03726612418962792,0.021348808076039553,0.023259582281687927,0.034292701509660094,0.026445884766465866,0.03361547001595967,0.0327844462560275,0.02336793781646299,0.030523949108182118,0.021641055005352662,0.029989956522244832,0.040170171184641494,0.029936841065173487,0.029910486674637107,0.028128957359337122,0.03111295783148069,0.026246192044316365,0.02985131592932181,0.01754536024978681,0.024444948413154977,0.023693303150359703,0.027188176974467092,0.019770401377951063,0.0224635113084321,0.028478225341293097
20,96,0.8626373626373627,0.7575757575757576,0.8859060402684564,0.821740898922107,0.6666666666666667,0.043093037769319664,0.029205637541202648,0.029897206841663918,0.03182724533962012,0.02674984820243325,0.026100284561092823,0.03404526911074356,0.027154042881765997,0.036544988335641015,0.03442948484036928,0.030243557704661198,0.024892758188012253,0.02667268546428267,0.03071964431773661,0.02766548052661501,0.035420883258104906,0.03806411409572386,0.02337033120315973,0.02979381276027054,0.023332430851851434,0.03366392809907858,0.029118334250471146,0.024351149677121705,0.03322858574349761,0.023594842585287233,0.029635249080713653,0.03120398401107544,0.02512707745434301,0.01794070640922368,0.024768768916231174,0.02561994172427527,0.025556726027892857,0.01640056370725438,0.020860631267515747,0.029706767251748038
21,224,0.8406593406593407,0.6190476190476191,0.9071428571428571,0.763095238095238,0.6419753086419754,0.03902206200934312,0.035143020107417586,0.030625863215990066,0.026492863750394502,0.02615161589988232,0.031843741983564135,0.032926079697123446,0.026290123696598687,0.030923310759586164,0.038234683269058815,0.03730452860011543,0.024327889176830927,0.021672253796755907,0.02975800987826295,0.02458087110774115,0.031940105181360964,0.03766639168977243,0.027674989988285072,0.028820715105387446,0.022967944510730618,0.02925797449396127,0.03369519951331689,0.03385469585744136,0.026863975833193835,0.024336401351874048,0.03409303025836812,0.027185845965603327,0.026165508900418535,0.021955290934964632,0.02365946528344379,0.02380359409341097,0.027232832287563017,0.014655455859454786,0.02460675469060858,0.024266911252175144
22,239,0.8681318681318682,0.6764705882352942,0.9121621621621622,0.7943163751987281,0.6571428571428571,0.035977629870590694,0.03309489380787774,0.029040042670202562,0.03162339430074302,0.029026358732473473,0.02878167046177985,0.029058719851938065,0.025528544386969065,0.028738371490162874,0.03712077974672656,0.03901709582333766,0.025230960169700608,0.024663973749236724,0.02962715435866475,0.02840905986081814,0.032475025829484826,0.03281430027617394,0.028421719139776737,0.027740598276431952,0.02704046673982043,0.035865344970056216,0.017403437295508962,0.02963569348231348,0.02986688809864216,0.027795990165403794,0.02838141059990242,0.030126863346172792,0.027158070848550347,0.024379064420404706,0.025352956554377224,0.02817842323491276,0.026068406230949182,0.019054791088410013,0.022805214751940087,0.02449668536954625
23,518,0.8461538461538461,0.5641025641025641,0.9230769230769231,0.7435897435897436,0.611111111111111,0.0446271315854622,0.03325094455566699,0.03467734272778132,0.026275509180272747,0.027917327088969875,0.028666321537422216,0.031091376641878304,0.027180990446004652,0.04403313625137255,0.042694204127329625,0.03359978774789171,0.02260501100890251,0.0208973266360641,0.032694108279432595,0.02851536607202081,0.03626706635049145,0.032104767915934175,0.023015434607249047,0.03304087244441652,0.019483860274720575,0.03192242719818073,0.031771927639497,0.027296040863647383,0.027387486557212282,0.02573826966250355,0.02636693580540101,0.025926685455708684,0.02667901728727607,0.023848068954597592,0.021626239109929304,0.021483309347098852,0.025413004251367402,0.015404495403931361,0.021655735970926966,0.0248424710134377
24,617,0.8681318681318682,0.7297297297297297,0.903448275862069,0.8165890027958993,0.6923076923076923,0.03676174449085446,0.030560002749650622,0.030950012322668405,0.03166066561079727,0.02817509502320684,0.02870353232609328,0.03450782867827833,0.024217980928368597,0.031069023202671135,0.034995152676974346,0.034474270574671756,0.022088898702316152,0.023531776689931956,0.03239041774938989,0.028521439822219895,0.03389646014371861,0.035357533571363155,0.028151437673517462,0.03129613277085277,0.019830675983017257,0.03293794154142227,0.02580116174576102,0.025982647229388808,0.02981677817593756,0.0260758082366103,0.029043643281773966,0.02663621881894098,0.027280388645802015,0.028919076789868044,0.021443899571584612,0.02908648251170158,0.028658065373254455,0.018855426305723604,0.020281295512437177,0.028041084569231444
25,28,0.8791208791208791,0.7142857142857143,0.9090909090909091,0.8116883116883117,0.6451612903225806,0.03681216791634946,0.03328189108705611,0.028293313232016403,0.028005750241996016,0.02626486904508739,0.030956403189223443,0.037855032510143535,0.024710306105599406,0.03190985458475873,0.03436036312061341,0.0324409469549921,0.023639646546393934,0.02343284199108261,0.031414232485198236,0.025775388803916197,0.03225505235973967,0.03585559407740708,0.027424700624497818,0.02941215109927239,0.02416174708434725,0.03524061283114474,0.030544704904343602,0.030504808076762008,0.02953409288074084,0.026140590114688646,0.02829569657604865,0.03460163157231919,0.024467066430903846,0.02406423178065232,0.02145534755294231,0.025744805550881916,0.025943937286732117,0.016826032356801936,0.0209138546962384,0.02746033432910845
26,575,0.8516483516483516,0.6363636363636364,0.9202898550724637,0.77832674571805,0.674698795180723,0.03507798671791886,0.03179118728392504,0.02549477124125918,0.028195162938585133,0.027104139632779092,0.028692968970755624,0.03433667834158117,0.02640376817442264,0.03498605412915752,0.03129331485878574,0.04008707474780738,0.02478980098117483,0.022542758607769758,0.03290170533562438,0.02556504863327745,0.035937576101482425,0.037232166469904134,0.028736937957074216,0.03428934012034417,0.020646324769474436,0.030808005585028927,0.023846827454518583,0.02599945464133855,0.02809150203794967,0.02183217136908682,0.0351403216268789,0.029904405725097356,0.02930543258149414,0.025491669400469593,0.025585702469231985,0.024195551940139733,0.025946891146745105,0.017025368398919983,0.023206264381878876,0.027515665228118533
27,204,0.8846153846153846,0.6818181818181818,0.9492753623188406,0.8155467720685112,0.7407407407407407,0.04467373408005727,0.027950800542845985,0.031640963576183866,0.02729721239605278,0.024547438585436416,0.029284795576024748,0.032306684288704174,0.023515454112990355,0.031228620640441893,0.043883868942920345,0.03599495672407442,0.022511757078952893,0.020256363781312802,0.038169024788456636,0.0208579107722703,0.03717164047000328,0.0323039803164852,0.024757946430455823,0.02607580323849612,0.023637871359364456,0.03341747980787818,0.030716374341260906,0.032075374255776314,0.02415283065433229,0.026930236704710668,0.02886475333329592,0.026812091885416726,0.029881860210469912,0.02443122008861869,0.021109718240290863,0.020526217692308526,0.029815792070102525,0.022048558832430128,0.021184265675240392,0.02996639850633815
28,734,0.8626373626373627,0.71875,0.8933333333333333,0.8060416666666667,0.6478873239436619,0.03677535201275123,0.027538633214154003,0.031217794446757412,0.03357217558420869,0.026317102248938084,0.028743271715808292,0.032840692948840865,0.02578641310608278,0.044455213607352065,0.03183870550120807,0.03508787367037294,0.01963983469006003,0.02018135869944175,0.029505792810010915,0.025925456076576817,0.029293893793596634,0.041902417343380974,0.027072660891545107,0.035310783440583894,0.017960969140204345,0.02887655705907386,0.036396745251677395,0.025206263221749427,0.028971759243973064,0.026869359983872455,0.03654083623802337,0.027822081691416787,0.029394614663452442,0.020587372965318824,0.023103027818870126,0.022882518878140762,0.024551453577985004,0.018622651776213,0.022559748730016666,0.02664861395834193
29,666,0.8296703296703297,0.6666666666666666,0.8741258741258742,0.7703962703962703,0.6265060240963856,0.03699894885612722,0.02908999075130526,0.02796385370705766,0.02652443071689787,0.02797039489924929,0.02653798864192876,0.03376887853987596,0.024954010950401395,0.037285484272122624,0.03455248433342403,0.033554640985021374,0.02349094302840238,0.025266885516376614,0.032880851027178824,0.027203497056436512,0.035745692611317145,0.03727300254012063,0.02392896623874223,0.03528841623448124,0.022268920186816844,0.028840847934675593,0.026206344977631614,0.03006046289615304,0.026441416809644864,0.030875563058216194,0.032976601910332935,0.028042440578907524,0.02888311930544606,0.023956004310354523,0.019684354417538116,0.025422272200537263,0.02569942895817042,0.01910788424375468,0.024730655143667207,0.026524322161686164
30,719,0.8901098901098901,0.7317073170731707,0.9361702127659575,0.8339387649195641,0.7499999999999999,0.04313757584141167,0.031217228553997223,0.03096480917103888,0.028872645860824882,0.023664950391900065,0.03113762538462479,0.03121387310309481,0.023116949681697238,0.03550416115661336,0.02852617822217913,0.04252906532121505,0.02784506226751166,0.021380024618907725,0.03267112649728342,0.023188291636456956,0.03196576502271711,0.033797855802985985,0.02070765510608128,0.03075640402332101,0.02564325723025325,0.029461855672986564,0.03527948908884316,0.034359777972663465,0.02841019386178087,0.02676970165429055,0.02526307449969207,0.032927087816246425,0.026651430095968952,0.01960497516691774,0.023882304735965528,0.019887949345912967,0.027710257733056534,0.024005737355150006,0.022029981320368545,0.025915678786041143
31,559,0.8956043956043956,0.75,0.9315068493150684,0.8407534246575342,0.7397260273972601,0.03831661938928474,0.03491140423919441,0.032959574115574125,0.02689478123757181,0.02549411464043395,0.026404884700225176,0.037328973117415044,0.027671511522867044,0.03888761861040339,0.03564207126764067,0.042534688533409235,0.021076403724279748,0.019183439496561035,0.029509373273985704,0.022346428600792074,0.03391933837594988,0.032759481397299305,0.02373229270705104,0.030045734644646493,0.021256675062548403,0.030925460206691346,0.030397556635342642,0.03020141422194573,0.0290833811771948,0.02583088387641485,0.03255363422588759,0.026405989223238,0.027966039345589288,0.025131525608898645,0.02329272148569634,0.022729263129182234,0.02693537201884522,0.019547350863259497,0.023563430927839742,0.02456056839684074
32,430,0.8736263736263736,0.6578947368421053,0.9305555555555556,0.7942251461988304,0.684931506849315,0.04234961149983709,0.0352064345461064,0.029299760784329176,0.030620111200023056,0.02923709301447199,0.027678530320363052,0.029805178986388084,0.02687556820736433,0.032584678367966566,0.030987622121884675,0.03304945023100339,0.0228384692423861,0.020316560772059566,0.03151797573428377,0.024854273337476345,0.04250688826635094,0.03893593611529821,0.030494114015143025,0.037050119307216176,0.024758662676117572,0.02562310014156766,0.028727582173727232,0.03227882572484314,0.027745044584875207,0.027952852164158257,0.031165246449882267,0.027726454320830575,0.03002961280325578,0.020696464193165686,0.01980550456094365,0.023104146254214863,0.021448734215216553,0.01655814872874341,0.0222242687683407,0.02394697617016546
33,226,0.8571428571428571,0.6571428571428571,0.9047619047619048,0.780952380952381,0.6388888888888888,0.036865433590248874,0.02692655582640976,0.02861571117367773,0.027815326881034927,0.02638050347693007,0.02590738910658633,0.03580789036599099,0.02228710748401205,0.03280129469018407,0.03729747669675892,0.0319614703080303,0.022415707695109807,0.02209935024724896,0.0323211093514561,0.025884812258983057,0.03260643468478398,0.03326177493103921,0.028488758000477687,0.03432848199768859,0.022864824858822134,0.036182098965251444,0.032673007259042625,0.030422109942514673,0.02586289158781436,0.027393874100590555,0.026134538630346094,0.030675596242586103,0.027111785460723726,0.027722621871128932,0.02427295127108926,0.02083663541195567,0.02898082148676514,0.019140237524100413,0.02601459212569887,0.02963882449491857
34,460,0.8736263736263736,0.7209302325581395,0.920863309352518,0.8208967709553288,0.7294117647058824,0.03753133978604164,0.03295599664565624,0.03016398977345599,0.02903191424661305,0.029942464092498657,0.02948255514288443,0.03400840773073082,0.02458608910243119,0.03541194574352423,0.03580102010652425,0.033331877601591536,0.02190695597573362,0.022952312206317393,0.029646176207410058,0.023155053642600492,0.038852053003780224,0.03041644153351034,0.03071375328286368,0.025299746194409174,0.021287906262051584,0.03130295549618364,0.03234925611066142,0.030889755845842463,0.02715430954405903,0.028393049251791713,0.030307406524074203,0.028127021678063083,0.026964588992062364,0.02197825648164534,0.023717277806003925,0.023731299663615223,0.027725021747180376,0.02106516757943577,0.022974499274639463,0.026842135724113342
35,604,0.8626373626373627,0.6904761904761905,0.9142857142857143,0.8023809523809524,0.6987951807228916,0.03945339879978264,0.03154138789029885,0.03355121727871056,0.025316064159150425,0.02709313913864168,0.031702374470538565,0.03324879754186728,0.025495855693930237,0.03526950980250762,0.039975336091899204,0.03685828783445157,0.025458511287402594,0.021197337255857016,0.03435409220929342,0.025799112913610436,0.033521073911213395,0.03613967962707772,0.028271857900423455,0.030094786590773397,0.02426098857680409,0.02880406821671315,0.02337939566582313,0.035502871680897594,0.02440727381622152,0.02790929378852476,0.027501273651329417,0.026827526789206916,0.025018889096808657,0.019710787723663244,0.02358988778446575,0.02192444982888621,0.026428056875238123,0.020340584746868395,0.025893742647395798,0.024159088713723
36,285,0.8571428571428571,0.7352941176470589,0.8851351351351351,0.810214626391097,0.6578947368421053,0.044959636801620434,0.02767969886749315,0.033686245164616276,0.025799128713648815,0.0244160342948664,0.028040203741347663,0.035480377448635844,0.024876406942339394,0.0346368754961593,0.036604564766266334,0.036527816217994495,0.020441342087375657,0.02147970823981304,0.03359392254940505,0.023480869867855074,0.035586372453820854,0.03493316162509638,0.02630448197432411,0.03130918531132418,0.022639616555739508,0.0316970458844213,0.037188536475778466,0.030987357813376682,0.025076841866160663,0.029730723889365686,0.0297336862228155,0.028721778261900192,0.023100194835470336,0.02253543901408685,0.021203491222483356,0.027790500212976306,0.025931043117952458,0.016822658410807184,0.019782965623744722,0.027222088028918363
37,829,0.8516483516483516,0.625,0.9154929577464789,0.7702464788732395,0.6493506493506493,0.04295453670938421,0.029083681807266046,0.025303855154036055,0.028617929013154728,0.025433376575220296,0.030700958959378744,0.03439483394840056,0.027501274216768148,0.02928425623009026,0.029577189457920997,0.03560134911163623,0.02573209824202357,0.021299516689355605,0.032267958979509556,0.02510008866919438,0.03430357016077275,0.036069325494147625,0.026350100483653365,0.03190253633091547,0.024419679497999468,0.032921303320802876,0.03430651220821825,0.02828318198544575,0.032058291633933804,0.028091169610675162,0.030169045305460888,0.027395357283722534,0.02550668198037082,0.021436199429823652,0.023600598055451814,0.02581146109471326,0.027287682368238614,0.01503830217380603,0.024599915843504815,0.027596181975003655
38,891,0.8846153846153846,0.6785714285714286,0.922077922077922,0.8003246753246753,0.6440677966101694,0.04007505813205945,0.031078625826431065,0.03159390357009954,0.02998707223942274,0.025304781917845666,0.029253494040378098,0.032226727787278836,0.025337810864778584,0.03431771505387339,0.03823408795114695,0.03051430032201074,0.021595477296410988,0.020665998255014303,0.02897312542599815,0.029581045730646686,0.035568698236901806,0.03796553327922284,0.025062199583411875,0.035233723043810165,0.01657911141303726,0.028267754422760076,0.03555621451959079,0.03195382609998102,0.02894465435166365,0.028092520749660232,0.02951178484651632,0.02873766739152092,0.026657587855931725,0.022612293768491897,0.02607832742543587,0.02148621310490384,0.025726006500116257,0.019780786822948523,0.021638505467671005,0.02580736670302891
39,7,0.8736263736263736,0.7105263157894737,0.9166666666666666,0.8135964912280702,0.7012987012987013,0.04147711602438955,0.028184853527753764,0.03451975070076171,0.028641620049839313,0.02702637437309837,0.02957758290890383,0.03196444746624431,0.026650413317605367,0.03450508855440443,0.03199885673737577,0.041618379809179144,0.022011687671728022,0.023748661722556266,0.035383174596444314,0.028966420792391298,0.03306171438589919,0.0302359048977537,0.024226154345131028,0.029592358086383438,0.020314225550048276,0.03249400786542376,0.024065567659680417,0.027529301982289388,0.028302522558069157,0.029298541436262003,0.030738823556146863,0.02957132051388955,0.025241772708638748,0.02099486613110288,0.022251221283422686,0.024477024998815645,0.03194822604101849,0.020994352097804626,0.01893374883587505,0.029453916813669653
40,778,0.8626373626373627,0.6756756756756757,0.9103448275862069,0.7930102516309413,0.6666666666666667,0.03885159414992785,0.03099291909439072,0.02642204041938509,0.030353378998023324,0.026063911158906453,0.03183371593786648,0.030723503026583065,0.025099782448053963,0.0360215833188503,0.03862029995806148,0.03865996623836751,0.024479212708607312,0.02086362213394398,0.03110764253420628,0.02465182615497259,0.03237512592758698,0.03420042398637644,0.028603764015330227,0.03472132993374035,0.02125396720554444,0.03076311226048867,0.029948380134938918,0.027693523605650413,0.029023729815392064,0.027091586089366973,0.029539805357900212,0.03123328970939167,0.02749618370520116,0.02062760947842597,0.02121247616105792,0.025141936859078406,0.030812952029597676,0.014872481358410088,0.02325734741488147,0.02538597667149362
41,826,0.8736263736263736,0.6129032258064516,0.9271523178807947,0.7700277718436231,0.6229508196721313,0.04078240538451273,0.03456453290654242,0.030267651148230223,0.03109602772545044,0.027304314765209205,0.02835741755700513,0.03371890831912408,0.02765208330043795,0.03620583903504219,0.03311891376006446,0.03421219359111058,0.024162190473737202,0.018380659109938698,0.03131857534342274,0.02715641276637315,0.03477396287610593,0.03562041986306222,0.02276347331014037,0.02998270814687618,0.019486734475770238,0.030115421881990144,0.03373600089867528,0.027878725963825467,0.030541057856968413,0.029196857670280865,0.029882512025365644,0.025801331916352827,0.028160802035095495,0.024778980671465126,0.023592675348781022,0.025474568731906632,0.02322697465699736,0.01649922563397991,0.02170241754102518,0.028487023309134534
42,164,0.8351648351648352,0.625,0.88,0.7525,0.5714285714285714,0.03646300854948938,0.025724852738453277,0.027883756443217663,0.02976851738956683,0.025403629895631136,0.029802912260056207,0.03592953851984805,0.02758456213248929,0.04216687569664481,0.03590146945767204,0.042894589328736445,0.018075532494165783,0.020940426969696245,0.02977841763567045,0.023609964706201927,0.03602666682127386,0.03397463617514511,0.025158119634902797,0.029738351172869108,0.022301834853142067,0.03331534479687539,0.02787052710997536,0.03389239860383198,0.027763105492261565,0.025978764661997368,0.03622699388595588,0.02557299599746074,0.026799994341361145,0.019889654807184628,0.0226410014071012,0.02613757904592491,0.02766271679795732,0.016663483193577883,0.022539508403092014,0.027918268580570085
43,715,0.8736263736263736,0.7297297297297297,0.9103448275862069,0.8200372786579684,0.7012987012987014,0.03702819727825373,0.028202484734148152,0.029474060237145282,0.025329469615255146,0.029682540182130106,0.026768443111455525,0.03299358201776291,0.026095905461348417,0.03603758822333672,0.03177675847385878,0.04368291082346875,0.026245959853665356,0.018600132032244664,0.03428842498804464,0.025231955201432607,0.035515638688545896,0.04171099974333169,0.023919905970546433,0.030269616889948784,0.024571428532287304,0.03075457723804924,0.02592799013559539,0.02901043858047589,0.031092739182794128,0.02976765739492442,0.03199605788598513,0.031915699790979905,0.02709966155189498,0.019479896928210207,0.02111344702230673,0.02573440703519544,0.02524963348702875,0.017112135953885197,0.023172995679905627,0.023146660074558057
44,433,0.9065934065934066,0.8285714285714286,0.9251700680272109,0.8768707482993198,0.7733333333333333,0.04160032852163689,0.027184684635406485,0.026922886751710985,0.028710302807104352,0.027202098344015067,0.029399613893615482,0.034557956745350095,0.027384028970998515,0.03761622087151811,0.037996350193911434,0.03563393278137963,0.021242154509682074,0.021718821489764548,0.03160185220995645,0.023746585638740093,0.03637728544800238,0.03699597775819016,0.022937435527818194,0.03758360637804714,0.019714058515003283,0.03142133136186973,0.026785412013118796,0.030934416132676015,0.031263172276765464,0.028134501944274325,0.029312335097485667,0.02586162078157128,0.02936603904132078,0.02391113158783991,0.022784515591680394,0.02086347202075262,0.024560447144285732,0.016085562658029837,0.024171014318367705,0.02841884603811042
45,349,0.8791208791208791,0.5483870967741935,0.9470198675496688,0.7477034821619312,0.6071428571428571,0.03950703907797146,0.030016887988909925,0.030524934901451906,0.025761558634605577,0.023372911079410183,0.03120014071166326,0.03631312692865729,0.023698133564455402,0.04547948387499816,0.04165570193134787,0.03793466171030062,0.025647514220432086,0.018868189847545958,0.03194525110137728,0.021248130379969813,0.03475080530487258,0.03727925349067673,0.02624220782734765,0.03049550352919187,0.02186495446187185,0.02700122059458395,0.025655456444590406,0.03090009238611906,0.028389981995805093,0.029054368513064796,0.02990239104080015,0.03032225733832656,0.025435440938141506,0.022443201748898692,0.020730062440033756,0.02260718006915791,0.02624511611677411,0.01879281304247778,0.022939761384463502,0.02577426537970527
46,285,0.8571428571428571,0.7352941176470589,0.8851351351351351,0.810214626391097,0.6578947368421053,0.044959636801620434,0.02767969886749315,0.033686245164616276,0.025799128713648815,0.0244160342948664,0.028040203741347663,0.035480377448635844,0.024876406942339394,0.0346368754961593,0.036604564766266334,0.036527816217994495,0.020441342087375657,0.02147970823981304,0.03359392254940505,0.023480869867855074,0.035586372453820854,0.03493316162509638,0.02630448197432411,0.03130918531132418,0.022639616555739508,0.0316970458844213,0.037188536475778466,0.030987357813376682,0.025076841866160663,0.029730723889365686,0.0297336862228155,0.028721778261900192,0.023100194835470336,0.02253543901408685,0.021203491222483356,0.027790500212976306,0.025931043117952458,0.016822658410807184,0.019782965623744722,0.027222088028918363
47,160,0.8736263736263736,0.7441860465116279,0.9136690647482014,0.8289275556299147,0.735632183908046,0.040570587692909166,0.033582408216930135,0.02995872320340549,0.027437463477432193,0.029054142135615357,0.03226947172396442,0.02797255252235464,0.027964805578730826,0.035163488645832575,0.03252735310227089,0.03443691628132429,0.02262178790420317,0.0236780671203944,0.030140658602596956,0.025587917520789774,0.03296503020244959,0.03554795290152386,0.026052900675697037,0.03347433558489358,0.018635560428314595,0.031745484870810664,0.029882638497960905,0.03581468880542981,0.02932207379095219,0.026441561861709345,0.030652321351690836,0.026563389734069628,0.029121272409381095,0.0256762468038181,0.02243100635009007,0.022879131645386352,0.024808750428944565,0.01533119309772449,0.021390579962366065,0.02829753686803308
48,221,0.8846153846153846,0.8235294117647058,0.8986486486486487,0.8610890302066773,0.7272727272727273,0.033152919487419,0.03306220134643091,0.02562473971924063,0.026466929408545448,0.026380484263803693,0.028178359139077756,0.036887379652825424,0.023486358490560896,0.03888173158480529,0.03328448244820463,0.036415699654674484,0.024395683521029343,0.018752966809702922,0.03441322844309457,0.026181228041845247,0.031168115172181658,0.03761413806691523,0.028030722711213832,0.03650016505725876,0.022206259660521407,0.03604374182560755,0.036965635859116455,0.023989723625294092,0.03074355708073462,0.026543279556145553,0.027963303403325437,0.029237569967808658,0.03133771165435533,0.020761939166869258,0.022947186377793947,0.020792263006809128,0.029005319945563258,0.012983983396449239,0.021881482449187084,0.027719510005589316
49,981,0.9120879120879121,0.5925925925925926,0.967741935483871,0.7801672640382318,0.6666666666666666,0.03851562837098038,0.029589839246750738,0.02828884438387689,0.03122237607761366,0.026763763670072813,0.029891001765111006,0.031012505406329844,0.02523380336159462,0.031232045659317965,0.03241206168582307,0.0383040801091847,0.02857805520998416,0.01809284531974204,0.03220837602375214,0.025476635251683137,0.03843424997328816,0.03163597031953224,0.022754418492392237,0.03293511719436153,0.025000731887233528,0.029089825189463205,0.027078896609190366,0.034510893078163574,0.029295647631408822,0.0294185186717056,0.03128014636044657,0.029181440112488924,0.027503511676397766,0.024364579642212364,0.0263309594208307,0.023310672803074358,0.027724195613556844,0.015695757217373325,0.022445967499658565,0.025186639065404127
50,782,0.8626373626373627,0.8095238095238095,0.8785714285714286,0.844047619047619,0.7311827956989246,0.042742332050141475,0.030598079073590426,0.029912893296516422,0.024718609446800707,0.025735076489016625,0.030198029579685374,0.03684054606801422,0.028066326259434216,0.03455059250145209,0.03656582246686589,0.030222030226610137,0.02277285830265953,0.0229799529702555,0.03306787848372303,0.022326839072044757,0.0368342820947383,0.035268513348458874,0.02925366416221092,0.03269260705099593,0.013638156575422866,0.03298560695939805,0.03453850214373118,0.028020192268211605,0.028276758420695845,0.02425887632560693,0.029900960363278255,0.027210752069850127,0.028257151733021346,0.018980119474199433,0.026714281014851262,0.027135283533730847,0.027926230687341954,0.01854400461300646,0.022612225057261237,0.025653965817178163
51,345,0.8461538461538461,0.7567567567567568,0.8689655172413793,0.812861136999068,0.6666666666666666,0.039378622941526276,0.028299132982923504,0.027620627805886918,0.030099460175241212,0.029968980399863815,0.03237262012861991,0.034675008540094907,0.028567924243362186,0.03459558015871958,0.03005072962542743,0.033208308287060576,0.02060735654742453,0.019529894869748366,0.028460314730196307,0.027310806075033334,0.038728844920601094,0.04278381352347438,0.02814962431358072,0.029290715778809213,0.02009070275675738,0.031875987129096825,0.034844740834765374,0.031144877803073342,0.027423401651557135,0.028889108024357416,0.027490855602743988,0.027474429531167258,0.026155524403565195,0.0211583483288192,0.02436899887647952,0.022596107581420107,0.028137687876339034,0.01661038184000605,0.020631683483779417,0.027408798228478477
52,105,0.8406593406593407,0.6304347826086957,0.9117647058823529,0.7710997442455243,0.6666666666666667,0.03914622070766463,0.03295344330319751,0.03152365054972333,0.029565052829358014,0.02951712827000115,0.027247516186096287,0.032369324333145,0.02401985251450968,0.038291048498998635,0.034498535704944926,0.03326933628332506,0.02624656248076766,0.02226781750264047,0.03292142101140286,0.021608780873448686,0.03435143013712441,0.03453664023958506,0.025689108910274844,0.027346750590566533,0.021218860561599488,0.03397504055742095,0.021429781168827162,0.03366267495713692,0.028983491270883732,0.027780176136218852,0.03458261471417177,0.027563539592767694,0.02662311174269936,0.019305877129259526,0.028593322158449223,0.02446714712157163,0.027706793276448538,0.013860912277171514,0.022350055450153773,0.030526980958445245
53,95,0.8901098901098901,0.7837837837837838,0.9172413793103448,0.8505125815470642,0.7435897435897435,0.03571383069624158,0.02687338092193878,0.028433935932457917,0.02984315254017886,0.029755647726744307,0.026500660831887422,0.030912068448836535,0.02806543091189655,0.03379307137734205,0.03655186948868428,0.03618772285162349,0.023950094401291498,0.023666758270159634,0.030328260159327904,0.024686223810575923,0.032472591435167675,0.04047824150583191,0.02689049148446477,0.03238625751389658,0.02279832896188381,0.030928663844742285,0.0334168605852472,0.02615460323864352,0.029571220514485415,0.0277406342003197,0.027972289224678402,0.026847032226671546,0.029788307964431736,0.02096209725433497,0.02352429703106832,0.023905999209181867,0.026474199541196352,0.022417266282612487,0.02491737807617905,0.025091131535775482
54,390,0.9065934065934066,0.75,0.94,0.845,0.7384615384615384,0.036648772934757774,0.026260472276888342,0.028927211407504587,0.029055207120221072,0.02466756629306168,0.033638265420262395,0.03610814890411289,0.025827097082781306,0.03950131738628359,0.03683469147797829,0.03287812491381258,0.02380962344259661,0.018740944449736906,0.03393694714275601,0.02319229819105029,0.03305353358524519,0.039718887903434065,0.02615615690576264,0.032177323307654424,0.023284585533338,0.03366287955147364,0.026520417730939792,0.027190369343401494,0.028901417033067877,0.02379658078295717,0.030067869679287602,0.028968965242054955,0.026956548136736935,0.021528594967564964,0.02181921486701302,0.02843981458288404,0.030482130740872172,0.017534731719805637,0.02174136165923123,0.027971928283470827
55,100,0.8791208791208791,0.7368421052631579,0.9166666666666666,0.8267543859649122,0.717948717948718,0.043811656795054756,0.0370018656808356,0.03389847771848737,0.02974928607235086,0.026769615718506612,0.02920502232450857,0.028721774090764096,0.025344656363988208,0.03440534264526678,0.0359623266952348,0.031675908050184984,0.022174191491519266,0.021959943544275145,0.03234293422376194,0.03197637126110243,0.03130352789264489,0.03360549494502859,0.027914807214931534,0.026999367564220878,0.01832087236871842,0.030251834497485294,0.03431385630267011,0.028184420376987204,0.03034658544000627,0.026783715669331094,0.028080195320222046,0.027803255950920647,0.0268880965688784,0.021211163707626896,0.026205705267640964,0.02649320947026954,0.026686740794409067,0.015695360713138217,0.025005505151892565,0.022906912107135816
56,368,0.8461538461538461,0.6571428571428571,0.891156462585034,0.7741496598639456,0.6216216216216216,0.03751445108631699,0.036087000236535355,0.03129330210353508,0.03198007799483438,0.02872994987314236,0.02728986431918782,0.03401958908905276,0.024431554440806906,0.03551860933810848,0.031530895264412356,0.04331803075643723,0.024023291030986667,0.022174620001121737,0.03076420865071082,0.02401123585772182,0.03245202147360609,0.03429011964355206,0.027663116511014378,0.03011561951258121,0.02736132944314883,0.03312191504355399,0.019022205026002926,0.027450409802141702,0.026872069417258986,0.023777964479248577,0.029252322612875612,0.030126140657131362,0.029161756343067342,0.0193372837434057,0.023440363742283938,0.02579737189639858,0.030070194476832256,0.016514574954432586,0.023037552314335706,0.028448988864217636
57,868,0.8736263736263736,0.6363636363636364,0.9261744966442953,0.7812690665039659,0.6461538461538462,0.04160781896238905,0.03304685238745255,0.03054891694053174,0.029150843216943577,0.026285721292518445,0.02887018147930225,0.03601959940478506,0.026349329161598857,0.040912979163943985,0.03732365704452563,0.03441181212625812,0.02211015573030856,0.018993392779061775,0.03078620193504371,0.024431749726917126,0.034906542525732095,0.03375259919760732,0.023939358106184302,0.037145825403134686,0.018769854608412795,0.03343454850110051,0.02616356806246521,0.029654982560760365,0.02954107892122708,0.02628306605612709,0.02804930202517683,0.029855960425809878,0.021076430078025246,0.022477759141808655,0.02399471151053206,0.02374831997695308,0.03001140736536371,0.01704465051946347,0.02119864922794309,0.028102174434592096
58,353,0.8791208791208791,0.6666666666666666,0.9428571428571428,0.8047619047619048,0.717948717948718,0.040152572064911664,0.03208783208355783,0.029336460800942515,0.028871139757644958,0.024309849231334956,0.030815397821757642,0.03341537654353533,0.02495811929200977,0.03739036850129262,0.03512117528293527,0.03889794176042485,0.023549593066765004,0.01778574808500039,0.03220610766368023,0.024568616341624737,0.033901529973762466,0.03949730330752981,0.026075122704640782,0.03032157455781791,0.0189638436674857,0.026807567506108992,0.04392314025610175,0.02998169006825314,0.02675508799988749,0.02754065863467327,0.03658441205256534,0.029559107560176486,0.026676421478661755,0.018830129984606873,0.019822506643770433,0.022602025865188998,0.024527603103866286,0.017237153256951784,0.022086146114609347,0.0248406769659237
59,619,0.8351648351648352,0.6170212765957447,0.9111111111111111,0.7640661938534279,0.6590909090909092,0.046516350755659054,0.03575291989998798,0.025584780085564664,0.029698843766335532,0.02389497256480211,0.02898653582158788,0.03504489341192305,0.023883218647607243,0.04004814819947644,0.03519790003989551,0.02976604979916883,0.02253204578029752,0.02730202292295736,0.028820652470905515,0.029527507521292812,0.03368768862116195,0.041508923125186975,0.023602872028175705,0.029791623854502215,0.02011718687279387,0.0305954484469365,0.028713011420843645,0.02921980364002729,0.028216701841981443,0.0280553983137686,0.0338292659497367,0.03023733508569953,0.02609838248201288,0.02680652339004889,0.023156370434954072,0.01887796791879446,0.026333609483416915,0.0162280567587038,0.01936582677657174,0.02300116186722141
60,271,0.8626373626373627,0.6666666666666666,0.916083916083916,0.7913752913752914,0.6753246753246753,0.037585111461131734,0.03525393789981683,0.026628978626206643,0.026311939231274534,0.025606163101733977,0.029439329128990593,0.031711335697008666,0.025672715215494208,0.03422898571543326,0.0337700028274587,0.03452874512640362,0.023965217607650354,0.020652693699007865,0.028901304173920353,0.02580053441161176,0.03203584419832274,0.03212865425164856,0.03300184620176836,0.03126550809759413,0.021732642098636932,0.02922725304410823,0.03263260480260589,0.024653551097010288,0.032484645971524034,0.028946900980858715,0.032244950010906784,0.03142603209813029,0.02904869719115804,0.023813285431849365,0.02596850132424536,0.02162478959667957,0.03023101999985205,0.0173827107580811,0.021951508006973014,0.028142060914903524
61,827,0.8681318681318682,0.6136363636363636,0.9492753623188406,0.7814558629776021,0.6923076923076923,0.047530660354230786,0.03386197016990429,0.02963583665546843,0.026177088312828146,0.025007670383529943,0.030672422617889085,0.0339300046251417,0.027021782102258675,0.031594863654525546,0.03395656365594654,0.03525758099172746,0.022736178889537096,0.022536142078296652,0.028878252806099267,0.029004452854781232,0.03199227508977232,0.0410172010042451,0.025549859970799522,0.03359582232721902,0.026222015817869725,0.02811138666635374,0.033550132698321855,0.028044250375139843,0.02603137498261819,0.02541901557973957,0.026967651947509955,0.028946052323372936,0.026215959206109557,0.017684500356807097,0.021818351885557707,0.02038106357988317,0.027974633990268342,0.019940035120864646,0.02472348628932177,0.028013460636061072
62,45,0.8516483516483516,0.6857142857142857,0.891156462585034,0.7884353741496599,0.64,0.04573822323120875,0.034009657401772024,0.027990106189180724,0.02822606293228818,0.02422092650118381,0.0317088097964483,0.030703566134494053,0.024626516379972936,0.030245857929174225,0.03373968439438107,0.03252669899514834,0.022673819734579687,0.02173454723579481,0.030284268953551453,0.026286918065862985,0.03304033709796962,0.03271881089517335,0.021269206004206124,0.02889655678954067,0.02438870829701853,0.032423767522976106,0.028419629884105038,0.04002414081275374,0.02870303989496006,0.022429442563264363,0.029615975560275003,0.02771374108922107,0.02862528859822491,0.025863909676510137,0.03020889539956908,0.02507797220328872,0.029568058385660654,0.01813561314139202,0.022136474138256056,0.02602476817059353
63,748,0.8846153846153846,0.7222222222222222,0.9246575342465754,0.8234398782343988,0.7123287671232876,0.04007861669219882,0.034742619138845514,0.03275091617212983,0.030257849729570366,0.02690933754171839,0.03160505415467904,0.033945770312094364,0.025825302403785253,0.03219391043985704,0.037690692286913186,0.03583268383866232,0.022870560079718643,0.023439470040367113,0.028213980959367193,0.024350660405205646,0.03915103973688605,0.03495098643045075,0.023719794710168413,0.028413124673721625,0.022982033402633426,0.0316845303674568,0.03245899105404598,0.028264532097871883,0.02954580788869489,0.0254665445775414,0.02943062364155509,0.02761454159235738,0.028364100995463964,0.020744951609460122,0.02689920011040676,0.021311895513876543,0.02430444813391713,0.017047668687111786,0.020250623462779945,0.026687137118487306
64,471,0.8736263736263736,0.6857142857142857,0.9183673469387755,0.8020408163265307,0.676056338028169,0.036305852374427905,0.03141966443710141,0.029236254236177938,0.02796320006100824,0.02694086130992628,0.0284596116200498,0.032382726928671446,0.02269708858053583,0.039299475518533626,0.04125359620884831,0.03505276765979773,0.0221295737181028,0.020561019186410224,0.033122759429810814,0.02217675639418769,0.031198155382769897,0.03748712095816007,0.025032828314891682,0.029377338485510874,0.019623788095834364,0.03603814745102083,0.02997856262098375,0.031931777557777326,0.03140087763229355,0.02910126960946478,0.03645980392826449,0.02752002980174484,0.027561389336007366,0.018440895435037248,0.025032895537643696,0.024596909259870486,0.02482226604259801,0.015045359901471994,0.022307523034889393,0.028041853950175315
65,550,0.8406593406593407,0.6666666666666666,0.875,0.7708333333333333,0.5797101449275363,0.041240185785703785,0.03368858943029043,0.03190335506808788,0.02724298270496399,0.027462184083385743,0.029446358645744915,0.031105099687285233,0.025084967949750334,0.03926879205501501,0.03802942298384183,0.03189892904037294,0.021113947208136533,0.024011658945226985,0.033275990157807855,0.02471047366881264,0.034992057944567,0.03315064983879185,0.025677751277438206,0.03407158452291632,0.019232847671979966,0.0318175754655247,0.03656049490374122,0.03151440441166609,0.029971080885887433,0.02672616148236059,0.030103888788946206,0.02647880634113599,0.02715913123112392,0.01987286397026353,0.021416064722728216,0.022709932677017045,0.023416161540206964,0.014871840388803785,0.02045365084919328,0.030320113671281578
66,128,0.9065934065934066,0.75,0.9452054794520548,0.8476027397260274,0.7605633802816902,0.03558060473719137,0.03124113253263672,0.027930630323929808,0.02796404897885279,0.02924941026414017,0.02963902186469109,0.033281852449813874,0.027567276151486714,0.031069958114624083,0.036356954056993816,0.03710218784310062,0.024630811598788473,0.0240910124779566,0.030929435778871348,0.02412058067047161,0.03639663576709775,0.03571533739830456,0.02942257680436179,0.030429752249317335,0.02432820214773501,0.030107718374458216,0.02761453971549215,0.02676813051081426,0.029159394013522025,0.025558458978488487,0.028104600965728845,0.02879879478767807,0.027098851035337265,0.01983192511710021,0.0215286821188221,0.024864887716516113,0.03001982664534529,0.020441569970152357,0.024737042786204116,0.0283181550539749
67,997,0.8516483516483516,0.6976744186046512,0.8992805755395683,0.7984774970721098,0.6896551724137931,0.04635369673320651,0.02853088431045425,0.029154776991377706,0.02572334675115979,0.027743255101419763,0.030126889596548096,0.031034290613006714,0.026332086771831933,0.04019409903916965,0.03793629048022175,0.03375578920262814,0.021996784543487274,0.02022111784488991,0.030175960421904503,0.02819287666910543,0.03195089165537461,0.0363085285469751,0.027768933605847073,0.036119565937712504,0.01954694572043832,0.029846779768723547,0.02885768657756449,0.0297214144750322,0.029832044783148926,0.027790495586353412,0.030545469344921347,0.026934900085839767,0.02729104086379481,0.018166440713223105,0.025710594784652378,0.025808537945498887,0.029238564512843134,0.014425243521261476,0.022736906774557638,0.02392686972582585
68,945,0.8736263736263736,0.6875,0.9133333333333333,0.8004166666666667,0.6567164179104478,0.03953729238604368,0.03423723954642902,0.030394925257405638,0.03159055256579608,0.028502411889967137,0.030596576958869234,0.03510954911938801,0.02201224919463056,0.03378436418056688,0.0306424452997117,0.032199544682950214,0.017768953844004086,0.02042781013289072,0.03231715989831395,0.027626716053847884,0.03361346157584511,0.036945711696083655,0.024820183690054388,0.02999081562697345,0.02082516962090308,0.03306985551913924,0.0421695415968517,0.030751211872083996,0.026366411765801113,0.02706519986613423,0.029357776972073826,0.027957161164561775,0.025616300848558694,0.02154141806521843,0.022837512318669716,0.02696039347619077,0.029140674576672302,0.01747056716338853,0.01988051234019023,0.026872329233790716
69,388,0.8681318681318682,0.5,0.9294871794871795,0.7147435897435898,0.52,0.039424002814624916,0.03190949817006382,0.027613431073686592,0.026509085984697155,0.028153582619457912,0.026369365989504616,0.03292461937393632,0.027991047491077906,0.035693384204194586,0.03394664595463739,0.03634500475935624,0.025078156121579164,0.022726641807727842,0.0284492471771549,0.024684518309404182,0.0361505187457853,0.04034813637829947,0.029105765528038785,0.027495501581257763,0.021438240094354608,0.02870274276107104,0.02980665923799928,0.027184529807569923,0.02810284158637179,0.029801899966935167,0.03032182249789891,0.02769426388990418,0.03180754284788323,0.022288522350802663,0.019108689783688612,0.025535707882601524,0.024055254501342764,0.025739402959449008,0.02250646477089237,0.02498726097675011
70,81,0.8846153846153846,0.7714285714285715,0.9115646258503401,0.8414965986394558,0.72,0.047652482446157454,0.02970508109019751,0.028091363861261855,0.027260303816619112,0.026448817609892088,0.027988383280645318,0.029926148845772226,0.025505047073322483,0.03664923333047694,0.03519632660704056,0.035259151670819645,0.023075142089118497,0.022956118325849064,0.03377198837203858,0.024484728500105885,0.037306538094149626,0.03671408108976313,0.02523752685389375,0.031114664478938736,0.019430984169710147,0.029213181336265933,0.026642199943022634,0.030687407829084745,0.02537013784393545,0.02930692106401962,0.029873759437322872,0.025812879152542014,0.027419408392439646,0.025332996985660227,0.020499599762470667,0.028843314773810632,0.025009293133614125,0.020844677186517564,0.02281523835874425,0.028554873194777005
71,566,0.8571428571428571,0.65,0.9154929577464789,0.7827464788732394,0.6666666666666667,0.04030608217214494,0.03443960212283902,0.029914113348724656,0.028761978887128357,0.027323118018330053,0.031017248873813658,0.03449826889587286,0.02375235207609364,0.04002642604239839,0.037573775380979696,0.027948565131364424,0.02231021939145007,0.02472437559548877,0.02706673973638392,0.029597285245405253,0.03473089248784902,0.031341824821962086,0.025448924472117627,0.02444145227881649,0.022170779221380825,0.031480372697502,0.0296938315476797,0.030777308494166437,0.027949047460295938,0.02579895846389407,0.02834349109820484,0.023968323019184758,0.03203331681608545,0.029555940827516156,0.024371136142903368,0.02475192140303056,0.0290981736360228,0.017832696309814135,0.022212758267822007,0.024738699615334054
72,301,0.8186813186813187,0.5135135135135135,0.896551724137931,0.7050326188257223,0.5352112676056339,0.03972701185712307,0.030533335614308092,0.027332629890029478,0.027938591739320687,0.026671744098412112,0.031036785732864232,0.03515076584487103,0.025186700373222848,0.032279821684323785,0.033505863941723245,0.035153025425684874,0.023071899204313913,0.020729080504818934,0.035415885649510793,0.029346644935496387,0.03817653125602084,0.03680793345236295,0.027396675597757904,0.02818810069048169,0.02240628063610828,0.03217250509359803,0.031100696163833756,0.028352846306139216,0.03246141356311489,0.025901658848436045,0.027279744908763504,0.031453699382707506,0.02524905078705324,0.022868646730889435,0.025633612295993324,0.01931074081154763,0.02298917759154489,0.016853509703542068,0.02188140693389458,0.03043598275018681
73,850,0.8516483516483516,0.6578947368421053,0.9027777777777778,0.7803362573099415,0.6493506493506495,0.03660465633209145,0.028951521367637022,0.029554838799017876,0.02529501580961194,0.02808265088242514,0.030819900304800668,0.030777912172614625,0.027789506144063836,0.039142598511668784,0.03421841231133583,0.035538197163790086,0.022211303284761445,0.022766812184746965,0.03565457186055692,0.024753021082394112,0.033304779115533534,0.04251397361371333,0.024170898495641864,0.04861576269022893,0.01577716201154474,0.03055314402260026,0.021292680321498673,0.028956643339917237,0.02738088830287139,0.028458449494023107,0.02700253836090285,0.028903111592125174,0.02593128494421306,0.021587444302216027,0.024385577681990588,0.03044474791181065,0.025191826442856183,0.013964419099975483,0.02146809747980169,0.027935652565018496
74,644,0.8571428571428571,0.631578947368421,0.9166666666666666,0.7741228070175439,0.6486486486486486,0.041443907210714476,0.031405531556225406,0.027501722087598702,0.026391294894263718,0.026292570230954753,0.029634955966728757,0.03543654505409982,0.024702671803979875,0.03201469233431186,0.0350695113228685,0.034726686823361656,0.020058044755882354,0.021935426944872195,0.029963627392252765,0.033553059537986624,0.034529315936152695,0.033649753788776354,0.027886084518369127,0.03349003287714578,0.02028398207765503,0.031027909236268605,0.026915690495092574,0.030703880024245005,0.03083131521837473,0.030159053361466244,0.03157821897123569,0.027529174169444753,0.026891093955084055,0.02249217371999508,0.029276471014107047,0.022885176378151108,0.023396053901761055,0.017286197418134572,0.022220691269535964,0.026837483752903065
75,634,0.8626373626373627,0.7142857142857143,0.8979591836734694,0.8061224489795918,0.6666666666666666,0.03999420830313234,0.031097139686050282,0.027092998356650494,0.026627414613110845,0.026629305680789108,0.02674797456101644,0.030493555141711783,0.026471227111406113,0.03580275597275129,0.0410982451336338,0.03396334677439137,0.023717791246536436,0.022076353716847893,0.03237534051603328,0.027250970165801466,0.027479093048755083,0.03377267877032657,0.025393360158129995,0.03406300472459932,0.030883120410242357,0.02648324764358985,0.030534255015080135,0.029368547908769735,0.031176651143155088,0.023656881403433618,0.02850303014431864,0.029331702937437962,0.02536948152634501,0.02117507359410153,0.020729550133014342,0.029213766231901115,0.03125963660897983,0.021511026402109293,0.02261909129945778,0.02603817391638973
76,907,0.8626373626373627,0.6829268292682927,0.9148936170212766,0.7989102231447847,0.6913580246913581,0.03694517988306747,0.03130312281645889,0.03249996482706841,0.026939246458732115,0.0272781268986916,0.028719623552314087,0.03264855595711195,0.024908253233616572,0.039671452634386886,0.033503074597725,0.03662108674797015,0.0241754202780894,0.0243929886617452,0.025887925725711816,0.02899865505462104,0.03349496786872877,0.03748769606641826,0.029780917470479586,0.027088895912088285,0.02481427009719685,0.026676543060641694,0.029440591444581395,0.03227833940889653,0.026469577783443256,0.0268879194666013,0.0234451562707224,0.02747039891217857,0.02836794419070634,0.028831329263954274,0.024769140877173836,0.026139980461634058,0.02452857395380958,0.01843856951179995,0.02164422368241332,0.027452286969221213
77,883,0.8901098901098901,0.7241379310344828,0.9215686274509803,0.8228532792427316,0.6774193548387097,0.039032208385914875,0.03246651550192083,0.026822626680166516,0.030611974285421666,0.02786002199387292,0.029452552814100415,0.03214667660529987,0.02126765387859158,0.03371937307470302,0.030079140329332718,0.03192566917684872,0.023205609960037666,0.02623655753927122,0.03333936156514873,0.02499390362122552,0.032637038947729714,0.04280691503275219,0.026858109253960483,0.0289345489140878,0.026081594040742128,0.029824798646268535,0.02167965913525434,0.031007951275082282,0.03141116120413864,0.03287202636528621,0.032090358071568306,0.02852654036129647,0.027315976010865852,0.02230758579759694,0.02551661033536556,0.026074089359942324,0.025576270430718927,0.01827902509242142,0.022212515514398602,0.02482738079866701
78,371,0.8736263736263736,0.6764705882352942,0.918918918918919,0.7976947535771066,0.6666666666666666,0.03972448689783074,0.028805817485302077,0.03149084130775185,0.023769813923443593,0.02609370296928678,0.026054636374513288,0.03308175136107951,0.030420246090924884,0.03679477218294761,0.03446484551415997,0.042340460472760945,0.024039980164906057,0.022445884885416975,0.03180618065406064,0.025632299433711318,0.03556535478248809,0.03467914588650265,0.029646641337535126,0.02820666309233747,0.021069718130311204,0.027478616810275195,0.03023190771484154,0.030100625689410673,0.028436534770209996,0.026551602743837683,0.0287342306642345,0.030554604412721835,0.027778364052900278,0.02193589192083794,0.02467974681225538,0.02725119537178854,0.024130743055366357,0.018660425990762796,0.01995552209929989,0.02738674494398677
79,592,0.8571428571428571,0.6176470588235294,0.9121621621621622,0.7649046104928459,0.6176470588235294,0.039190900505682386,0.03076632663864893,0.030503395507561325,0.027253295649320674,0.02398110318332801,0.03127779866876935,0.033684807559611715,0.027887989284730515,0.03310498700895362,0.035882438707849365,0.034805527508825394,0.02427103375467884,0.02430803686342607,0.028376821627116095,0.023707552351329993,0.03190287276723643,0.036742485552950954,0.028631711938078973,0.0296294842687217,0.018067502557018392,0.03393736321122559,0.031056519167843594,0.03237669596240959,0.03149630882021571,0.029008851616431065,0.03142025311000874,0.02779975496647917,0.027912898403373965,0.021311326056412644,0.026852694444652325,0.02221168432898056,0.028872373287716795,0.01843814893132818,0.020832610801104226,0.022496444987979078
80,197,0.8736263736263736,0.76,0.89171974522293,0.825859872611465,0.6229508196721312,0.03746940420792482,0.03414372235761072,0.031067297140931587,0.026542780435579613,0.025543429544107224,0.030064588451425144,0.03303832852996506,0.025329876519169032,0.032529263455025256,0.03684108624882212,0.03437972776223639,0.022519917631629846,0.020016675872320304,0.031348211277586975,0.02528402173068864,0.035116991180650384,0.03575650477447507,0.026836410221259547,0.031021333743292013,0.021625385211692914,0.030841278029152746,0.03764542895591725,0.03180616546057475,0.031037380535945843,0.026145120774277636,0.02739227917073026,0.02736494837606152,0.02921703900004208,0.018207651823392075,0.02352577032769658,0.024030085128007975,0.03547829419031996,0.019508402087280653,0.01911962548181871,0.022205574362389173
81,722,0.8846153846153846,0.7407407407407407,0.9096774193548387,0.8252090800477897,0.6557377049180328,0.03862659058013576,0.03274770706491913,0.03334107339276507,0.029708521868049727,0.022746888831424637,0.03264154901697117,0.032741415919324585,0.026880823518826848,0.03490139734505399,0.0352780797732487,0.035655652757459244,0.024997834244258207,0.017385843045136885,0.034922515708035784,0.030548849645820986,0.037821923967401215,0.03408121493544898,0.029287697049354224,0.0332332716994006,0.02173751205839042,0.030999919879505063,0.030602846346466973,0.032627809180603075,0.02738622251332012,0.027707086786069,0.028766418302722353,0.024400278712320544,0.025227765807264834,0.01885136685371555,0.022124207380224564,0.02072904431331787,0.023389383569182732,0.01995151160159056,0.021204136524830785,0.026745639807439808
82,72,0.7912087912087912,0.4318181818181818,0.9057971014492754,0.6688076416337286,0.5,0.03505309176722475,0.03109563909446175,0.024798313964426458,0.025544154771013523,0.024421213364882354,0.02770416091659502,0.029686791857478995,0.023237106423953203,0.03464066043345124,0.040285632092673475,0.036627302198091787,0.025717813297272074,0.02793185453485733,0.031176894653046724,0.022579406003209374,0.03261966205876306,0.03946373478250938,0.02614120666585223,0.03418445733006204,0.030556646274329354,0.02782805964357579,0.03956340404494331,0.028154146045109466,0.027373494409408193,0.02575554226952056,0.0378955934067823,0.027951476516417814,0.031132943054434606,0.021997535266929994,0.02245639448629411,0.021758577509876652,0.027703830496119863,0.010724633543831857,0.020850130749154924,0.025388496073446457
83,47,0.8626373626373627,0.5675675675675675,0.9379310344827586,0.7527493010251631,0.626865671641791,0.04242056916102558,0.029468776165931597,0.025936574354161506,0.02903557381104543,0.02293373161038057,0.028787866128853465,0.031968033208743744,0.02684044204632778,0.04099801428991641,0.037820176683586795,0.03498581644305024,0.020934824789305723,0.02649825225049964,0.03493486139447238,0.02789854981784639,0.031215765581357285,0.04173224381442303,0.02755149943827828,0.032970786346946925,0.020691990540339274,0.02948830946383334,0.0257056663120187,0.026509384035889913,0.026531461675163043,0.026861763823145847,0.03066674930826145,0.028007595999680866,0.024750271598942466,0.020070181908350006,0.0220245679127785,0.023396349029275204,0.025300726569971944,0.01637990103316303,0.02345533078761916,0.035227392665414504
84,678,0.9175824175824175,0.8604651162790697,0.935251798561151,0.8978584574201104,0.8314606741573034,0.03947102267890096,0.03091975083583412,0.02988567851488084,0.02685578639637072,0.030476445971225567,0.02889813758726584,0.03172800989615804,0.028711678943120603,0.03583964837505657,0.03709953228198895,0.034875132836116346,0.026833348802478545,0.017765842431348457,0.03052781000672952,0.024530934183513597,0.030653093977244462,0.03606379973806248,0.026895226332047658,0.028039488852896734,0.0199322970552019,0.03312994918309696,0.0269477372444423,0.030250870111442188,0.029380565742759178,0.023864798755566165,0.030809124439347392,0.03118276083400811,0.02523037221293193,0.024339404649173862,0.02822506009704402,0.02569400396977888,0.026427610547540264,0.015472337612208622,0.0247438092703095,0.028298929633908773
85,234,0.8626373626373627,0.6052631578947368,0.9305555555555556,0.7679093567251463,0.6478873239436619,0.04595647496483347,0.02776749982967404,0.02709457229602597,0.024260157048369303,0.03225378714716813,0.0307721307079473,0.03076270127218318,0.028062925719277914,0.035055537342559534,0.032892808603942586,0.033905501167982,0.023964256105608185,0.026206567137177502,0.029797198358080226,0.02539622961858567,0.030212670694514027,0.03915295823640724,0.024517679111117078,0.03252399480138441,0.02147412159508961,0.03179065526724233,0.03476015282537904,0.0278274280660165,0.03135605540176401,0.027024390003115187,0.029605545718390244,0.029906552492594204,0.031661745155825136,0.020134269922543566,0.02042030338932142,0.022700221119663407,0.026331074203409157,0.01745177633894153,0.021548388480555167,0.02545166985731169
86,792,0.8681318681318682,0.6976744186046512,0.920863309352518,0.8092688639785846,0.7142857142857143,0.039258032793833324,0.02758224958085909,0.028458691121304232,0.02837252476714459,0.026426886065073124,0.029798730322330956,0.03141042011085151,0.030122024895436552,0.03663181288399689,0.03914669287797839,0.03250268517913395,0.024673117184804833,0.02295770771673183,0.03556548209057084,0.024945564868502423,0.03428899350591448,0.040241352465637446,0.026439825659053763,0.03399295855437628,0.0250373400892132,0.035463199311838244,0.014970665374710639,0.026033438531189827,0.027858236236742422,0.02575822160134177,0.03263158481269874,0.02611712177675742,0.02407816891922686,0.022206945132179922,0.028480659461632092,0.024799990937884108,0.02647485159985509,0.019385876319889715,0.022763594252896677,0.025124352998408764
87,297,0.8681318681318682,0.7272727272727273,0.9130434782608695,0.8201581027667983,0.7272727272727273,0.03823555901043049,0.0322528331067979,0.02563818370028247,0.028893230092114804,0.026155966626325234,0.030039163295742775,0.03303059285264365,0.025774411800545675,0.031214524441100858,0.03451231456321532,0.030323317164171946,0.022925174206770853,0.020937274404498364,0.029835185393640915,0.03188176076679495,0.03767775810082385,0.03121475808944297,0.029624207712684307,0.024789267717639438,0.02349159320472007,0.03048154751815935,0.03507546554646068,0.029632564912664243,0.02853970798425971,0.02923437530224642,0.03257988484072541,0.03062964554782261,0.029442716138026404,0.02458608059401032,0.022346760975581977,0.0248510101974032,0.027735273223622747,0.017401017715782004,0.021968898091280907,0.027047975161567293
88,82,0.8461538461538461,0.6,0.9047619047619048,0.7523809523809524,0.6,0.041596628574459366,0.03545178793364791,0.030211992688962522,0.030111421724810704,0.028331264680620975,0.028829365797615362,0.03335863703476145,0.023921144175691408,0.04003626981644016,0.03248393310826561,0.027307189300736837,0.02458486742188761,0.02434515849095105,0.03079173443232055,0.026905717624174832,0.03290900847505789,0.034559657912405624,0.027022714263607417,0.03405813533213493,0.01976169024318629,0.028984621264234334,0.03570661632897798,0.0322347016853615,0.03262745743316563,0.02512207333215941,0.024742693154634704,0.024845534781692172,0.025768810590636022,0.020527627944848303,0.024197332150818627,0.028152366354394342,0.027480192509638263,0.016790985727065375,0.020593646241628714,0.025647021469006045
89,876,0.8736263736263736,0.7073170731707317,0.9219858156028369,0.8146514443867843,0.7160493827160495,0.04112002029093973,0.03127917004002797,0.0304115078778465,0.031363166234650956,0.030203295553056245,0.03192578168848531,0.03271695758052228,0.02669627440234843,0.041861585305658665,0.03361297973907013,0.028885810274618322,0.020733474244809647,0.01972467641405725,0.032078735200991436,0.025836837439651896,0.03651706552200018,0.034763088357034816,0.034996037151193586,0.03161213181820438,0.021831665976197425,0.03034246958183693,0.023409276227267527,0.02888437842595773,0.024907507322846002,0.0268262826914846,0.0321991708695311,0.02496805773618398,0.023422613224895233,0.02126546350056911,0.02096676075184512,0.02772392031774606,0.030619121352470576,0.012520571938898217,0.022650533568619305,0.031123611378483355
90,239,0.8681318681318682,0.6764705882352942,0.9121621621621622,0.7943163751987281,0.6571428571428571,0.035977629870590694,0.03309489380787774,0.029040042670202562,0.03162339430074302,0.029026358732473473,0.02878167046177985,0.029058719851938065,0.025528544386969065,0.028738371490162874,0.03712077974672656,0.03901709582333766,0.025230960169700608,0.024663973749236724,0.02962715435866475,0.02840905986081814,0.032475025829484826,0.03281430027617394,0.028421719139776737,0.027740598276431952,0.02704046673982043,0.035865344970056216,0.017403437295508962,0.02963569348231348,0.02986688809864216,0.027795990165403794,0.02838141059990242,0.030126863346172792,0.027158070848550347,0.024379064420404706,0.025352956554377224,0.02817842323491276,0.026068406230949182,0.019054791088410013,0.022805214751940087,0.02449668536954625
91,888,0.8406593406593407,0.6363636363636364,0.9057971014492754,0.7710803689064558,0.6588235294117647,0.036934767482405734,0.030584435966757226,0.026991497607963225,0.028645401052617207,0.024624697858048106,0.026876707603065386,0.031199356311735395,0.024766079254022414,0.036203307396476675,0.035683929112999245,0.040584831811467985,0.023896136727685063,0.01809007263522915,0.029025802209894466,0.0243657797253078,0.03528654971479648,0.033910116391789646,0.028710459933566943,0.025756266072946385,0.025681653438694645,0.03350107220131238,0.04062855428498721,0.028047290144607287,0.027721802832755008,0.03016543758105037,0.03180560003859531,0.029487431740695475,0.027959063828271416,0.022389334439930783,0.02222684981812952,0.02504529916670679,0.027943348617076192,0.016963371875474503,0.018725852177836576,0.029571842945102015
92,104,0.8076923076923077,0.59375,0.8533333333333334,0.7235416666666667,0.5205479452054794,0.04309603028194422,0.030203820207912613,0.03274256375960686,0.028805209536912707,0.02462508902592965,0.030437108616399172,0.03166724522082597,0.02585950718817687,0.03924930738437152,0.033909370558757215,0.03491494177972063,0.02275309895411516,0.021271727665293706,0.03540536655942045,0.023345276973219004,0.03220185530048524,0.03951172426198496,0.024964688887294174,0.033820008824519146,0.02108748361806482,0.03205473916083778,0.02797392361377484,0.029057158417818883,0.02970374158455886,0.030667749911831924,0.026166956600432445,0.025880518735186275,0.027298110452934527,0.022416445555497492,0.02428503372145142,0.021199452964068506,0.022798897274119993,0.021671721558383216,0.02182731827752365,0.027126807566626186
93,390,0.9065934065934066,0.75,0.94,0.845,0.7384615384615384,0.036648772934757774,0.026260472276888342,0.028927211407504587,0.029055207120221072,0.02466756629306168,0.033638265420262395,0.03610814890411289,0.025827097082781306,0.03950131738628359,0.03683469147797829,0.03287812491381258,0.02380962344259661,0.018740944449736906,0.03393694714275601,0.02319229819105029,0.03305353358524519,0.039718887903434065,0.02615615690576264,0.032177323307654424,0.023284585533338,0.03366287955147364,0.026520417730939792,0.027190369343401494,0.028901417033067877,0.02379658078295717,0.030067869679287602,0.028968965242054955,0.026956548136736935,0.021528594967564964,0.02181921486701302,0.02843981458288404,0.030482130740872172,0.017534731719805637,0.02174136165923123,0.027971928283470827
94,285,0.8571428571428571,0.7352941176470589,0.8851351351351351,0.810214626391097,0.6578947368421053,0.044959636801620434,0.02767969886749315,0.033686245164616276,0.025799128713648815,0.0244160342948664,0.028040203741347663,0.035480377448635844,0.024876406942339394,0.0346368754961593,0.036604564766266334,0.036527816217994495,0.020441342087375657,0.02147970823981304,0.03359392254940505,0.023480869867855074,0.035586372453820854,0.03493316162509638,0.02630448197432411,0.03130918531132418,0.022639616555739508,0.0316970458844213,0.037188536475778466,0.030987357813376682,0.025076841866160663,0.029730723889365686,0.0297336862228155,0.028721778261900192,0.023100194835470336,0.02253543901408685,0.021203491222483356,0.027790500212976306,0.025931043117952458,0.016822658410807184,0.019782965623744722,0.027222088028918363
95,465,0.8516483516483516,0.6764705882352942,0.8918918918918919,0.784181240063593,0.6301369863013699,0.038797190685850656,0.029954691371089553,0.031249983568133452,0.030525281298906304,0.025905134565500205,0.031877780059450835,0.030436706922608386,0.025902040482447326,0.038419324654088524,0.034597393984207414,0.03486935246590601,0.023350673986998593,0.02033634549988445,0.034876774881544066,0.028543277410945925,0.032967944905172374,0.03868185356010396,0.02486013456222956,0.039585582235631835,0.018619890905519864,0.03017180098909077,0.029648398785107357,0.026830927366027733,0.027915441898723508,0.028226843304345058,0.03047396761506427,0.028481738477066573,0.02605169819861559,0.022146245322307027,0.0219539958357167,0.02288799965348779,0.027584186164063104,0.015150625736853319,0.020576272878762597,0.027542499768549306
96,651,0.8131868131868132,0.55,0.8873239436619719,0.7186619718309859,0.5641025641025641,0.04201838819211321,0.0322484312029157,0.02828565157495612,0.02990770901046079,0.02640123070665458,0.030741395268775402,0.027840536068185755,0.029079411641331116,0.039213110347825174,0.0333427703403414,0.03160394955528794,0.019196618822144074,0.01910096653855573,0.030222743514314317,0.024584521668609985,0.03442514775480979,0.037092176846155095,0.026884463809159494,0.032970659362080594,0.01661763921699205,0.03302134466659606,0.030807247909662685,0.02728225975098934,0.029662201972980626,0.02987368193517879,0.03264038060334732,0.026310621195450298,0.02744051319656541,0.02557305727356895,0.019635717092690453,0.0208301837781434,0.032933313080084695,0.018502130979501177,0.020327381869750267,0.03338244325382232
97,855,0.8461538461538461,0.575,0.9225352112676056,0.7487676056338028,0.6216216216216216,0.04095367589914854,0.03147498577462533,0.02920113944009762,0.031345407755263704,0.02333210888595823,0.029046705053294167,0.030331004909989575,0.023969271828905604,0.03899613946905808,0.03194911025118577,0.033736655867925215,0.025730528726271816,0.022202958026425145,0.032893376399782785,0.02041554070004615,0.03562995334880884,0.03619564566356074,0.023977630887253763,0.03642278209386566,0.02482632447157708,0.02737992900076968,0.0270219674509792,0.026214719243745195,0.02852092327168111,0.030136685576923963,0.03416257420980811,0.028198842967994405,0.029093907392938385,0.023100387503188782,0.025190667113971277,0.023698302902992657,0.02643491565492356,0.020345229663819075,0.021577398773880426,0.026292603819340187
98,374,0.8901098901098901,0.7,0.9276315789473685,0.8138157894736842,0.6774193548387096,0.03823491215077548,0.0319598037529916,0.0300811519375898,0.025009948285581104,0.030561382566675448,0.027804804113791354,0.03354432319601071,0.024870829949153916,0.04189355793790323,0.036846713503765026,0.03348395350484292,0.023908258798223714,0.018275281870296402,0.034092092462307676,0.028777060365221277,0.033970398060265444,0.034190489524480075,0.02863309390785968,0.03706665553937722,0.01841354108946924,0.03252294547542136,0.02872602417540577,0.027739359283835627,0.027472880560812443,0.027903666284911602,0.031516643760591545,0.026448780933219854,0.028528918732115046,0.02031865659241282,0.024729988393073325,0.02602562946317235,0.023560543637040365,0.012987196019339786,0.022591449489148437,0.027309064682918372
99,167,0.8681318681318682,0.575,0.9507042253521126,0.7628521126760563,0.6571428571428571,0.03959219661661402,0.028961704944857076,0.03144158536788887,0.025457560938750116,0.027651071257142897,0.02920320454708492,0.035392420259061634,0.026552316659466568,0.03764530914404803,0.03323839494609826,0.03536533608700663,0.020984771489489424,0.02452017302311125,0.032163687384381634,0.030892179106900924,0.03143099759972114,0.03680183201194989,0.026560883041560547,0.02766028812903766,0.019426055852669648,0.024458396281512727,0.02965511152602546,0.031834318273403134,0.029714923669687067,0.027521181679469185,0.030209754893398725,0.03315481692823618,0.02578444705457956,0.02784323790356678,0.022979356036585553,0.026894230185649386,0.024224388330657206,0.015357768243447794,0.025123934874571097,0.02430216571236906
100,380,0.8571428571428571,0.5789473684210527,0.9305555555555556,0.7547514619883041,0.6285714285714286,0.03877057205680898,0.03072056357720751,0.0278522339442367,0.031042525642497747,0.02502830261168176,0.02635196543561512,0.034051591853844786,0.029205582730123927,0.04043895796861286,0.03567740222982882,0.03055210507019785,0.024897507140065857,0.02206620619996398,0.02967073879999013,0.02731487999402054,0.033990678235980655,0.03885684681324465,0.021916233294649028,0.037814783365697414,0.021880725096017524,0.026046380441949925,0.02543978321827962,0.029459651598162714,0.027149723385788707,0.030723994231240063,0.0316606071508384,0.025702952352870123,0.031195992112108935,0.023233229869539896,0.02284568205442829,0.024957101167052374,0.025639908060830434,0.01717367904912249,0.025789362279970526,0.024881550967531627
