num_features,mean_accuracy,mean_sensitivity,mean_specificity,mean_balanced_accuracy,mean_f1
1,0.8036813186813186,0.08886936618223445,0.9876354026107822,0.5382523843965084,0.15376439037470824
2,0.7987362637362637,0.2829135787704663,0.931628469087089,0.6072710239287776,0.36327291264787115
3,0.7987362637362637,0.2829135787704663,0.931628469087089,0.6072710239287776,0.36327291264787115
4,0.7847802197802198,0.31244796736812963,0.9038358624386948,0.6081419149034123,0.3667499190779009
5,0.7889010989010989,0.3069160524745126,0.9111139213429276,0.60901498690872,0.36821114604612654
6,0.6931318681318681,0.596215748422412,0.7203044144089922,0.6582600814157021,0.43250616580707585
7,0.7027472527472527,0.5644054968607269,0.7417240621018228,0.653064779481275,0.42353853644820944
8,0.722032967032967,0.5118154816173943,0.7804542296553283,0.6461348556363613,0.4166039958227617
9,0.683076923076923,0.6551810225297,0.6910778657318889,0.6731294441307945,0.4550548279211406
10,0.6875274725274725,0.6256274273509739,0.7040805089378072,0.6648539681443905,0.4475704896645518
11,0.6752747252747253,0.6637297654773705,0.6791807155536835,0.671455240515527,0.452373346133784
12,0.6719780219780219,0.6725749415026928,0.6726679599691766,0.6726214507359347,0.4532344101390807
13,0.6907142857142857,0.6866697037585193,0.6926630572630237,0.6896663805107716,0.4738794713680798
14,0.6852747252747253,0.7353845049245823,0.6731088056116389,0.7042466552681106,0.48640531583646607
15,0.7008791208791209,0.7427731038234372,0.6904770480883959,0.7166250759559165,0.5009610088296402
16,0.7246703296703296,0.6841707046165642,0.736881414178922,0.710526059397743,0.4999155069431586
17,0.7637912087912088,0.6426591239219668,0.7950180438359984,0.7188385838789826,0.5242307352510932
18,0.7788461538461539,0.6937189871944021,0.8011072634405254,0.7474131253174637,0.5598693513482816
19,0.7664835164835165,0.7042414841518128,0.7830780410828474,0.74365976261733,0.5497009369723399
20,0.777967032967033,0.729836128373916,0.7907455084663403,0.7602908184201281,0.5715802752092276
21,0.775,0.7484496994998857,0.7823369529702191,0.7653933262350524,0.5744883387814341
22,0.7748351648351648,0.7480185424216699,0.7822713947688418,0.7651449685952558,0.574286983504453
23,0.7853846153846153,0.7343639147367431,0.7988490254319379,0.7666064700843405,0.5812979982425509
24,0.7818681318681319,0.7358057983628881,0.7940436406240401,0.7649247194934641,0.5774722573185413
25,0.7787362637362637,0.7439566278099907,0.7880605426720898,0.7660085852410403,0.5768067639441836
26,0.7889560439560439,0.7557421058662139,0.7979648449358044,0.7768534754010092,0.5924027893648276
27,0.7886263736263737,0.7556575746853206,0.7975176158617525,0.7765875952735366,0.5918959569819525
28,0.793021978021978,0.7550067462279817,0.8031508232742077,0.7790787847510947,0.5973246711849014
29,0.7883516483516484,0.7548312186058889,0.7975298231073417,0.7761805208566153,0.5915912310661698
30,0.7890659340659341,0.7530872602859262,0.798907908159564,0.7759975842227451,0.5918112107390757
31,0.788956043956044,0.752779654022039,0.7987158122547735,0.7757477331384062,0.5914928317446074
32,0.7868681318681319,0.7389704267869557,0.7994643058572216,0.7692173663220887,0.5852173195925653
33,0.7846153846153846,0.7347462259387332,0.7979232988692669,0.766334762404,0.5808234671187501
34,0.7906593406593406,0.7395472158672084,0.8043219901950178,0.771934603031113,0.5892229790728905
35,0.7963736263736264,0.7243769123241918,0.8151762684152161,0.7697765903697039,0.5909357397144661
36,0.8038461538461539,0.7213372966105805,0.8254041152717826,0.7733707059411816,0.5990854830711457
37,0.8095054945054945,0.7414588697363349,0.8272787858124417,0.7843688277743883,0.6125611855362982
38,0.8232417582417583,0.7526408717692096,0.8415326371524513,0.7970867544608304,0.6338620256504933
39,0.8216483516483516,0.7562019968860959,0.8384961178142256,0.7973490573501608,0.6325149893699217
40,0.8262087912087912,0.7540644212279656,0.8448902953532376,0.7994773582906016,0.6379343879078554
41,0.8248901098901099,0.7534425698898671,0.8434448993311815,0.7984437346105243,0.6359563184168275
42,0.8254395604395605,0.7478408978166323,0.8456405018724216,0.796740699844527,0.6349371839315586
43,0.8287362637362637,0.750578587539687,0.8489701067813753,0.7997743471605312,0.6405568711712172
44,0.8284065934065934,0.7517586178851585,0.84831510254856,0.8000368602168593,0.6404357317855989
45,0.8262637362637363,0.7465161043264034,0.8468916278089442,0.7967038660676737,0.635809710646696
46,0.8297802197802198,0.7582402159699068,0.8483481944256904,0.8032942051977986,0.6440029183665592
47,0.8335164835164836,0.7563087091854281,0.8535097690046655,0.8049092390950467,0.6488644344645195
48,0.8324175824175825,0.7584575457946672,0.8516301164796186,0.8050438311371428,0.6479776927209921
49,0.8335714285714285,0.7573186788493756,0.853366856204276,0.8053427675268258,0.6489148643225899
50,0.8379120879120879,0.7595617770754899,0.8579871424291245,0.8087744597523072,0.6557795155358518
51,0.8378571428571429,0.7518189028372492,0.8598213362124346,0.8058201195248419,0.6533410423519285
52,0.8375274725274725,0.7550149594796808,0.8585989388171548,0.8068069491484178,0.6537873870299336
53,0.8404945054945054,0.7598127457772096,0.8611000562870632,0.8104564010321363,0.6592554082833786
54,0.8439010989010989,0.7603353571646703,0.865345518729654,0.8128404379471622,0.6640053394621314
55,0.8434615384615385,0.7595898131195674,0.8650057155988319,0.8122977643591996,0.6630757071681389
56,0.8418681318681319,0.7593233724592519,0.8629486626639818,0.8111360175616169,0.6607453592973855
57,0.8430769230769231,0.7567178966939669,0.8653633248367395,0.8110406107653532,0.6618857556789366
58,0.8418681318681319,0.75317396422205,0.8648274074812332,0.8090006858516416,0.658850998522858
59,0.8425824175824176,0.7541906196327404,0.8653781518667509,0.8097843857497456,0.6601910152604213
60,0.8428021978021978,0.7546062096413536,0.8655873063672016,0.8100967580042776,0.6606428878254769
61,0.8421428571428572,0.7529435302155163,0.8652439084147865,0.8090937193151514,0.6591955024460442
62,0.8462087912087912,0.7568182644975043,0.8693951447973146,0.8131067046474094,0.6663128391318831
63,0.8491758241758242,0.7602923294367017,0.8722050686206253,0.8162486990286635,0.671377282254174
64,0.850989010989011,0.761824109046229,0.8740202827176462,0.8179221958819376,0.6749003206980797
65,0.8523076923076923,0.7632925374959141,0.8752455301969846,0.8192690338464493,0.6773397203695536
66,0.8488461538461538,0.7662038926267156,0.8702955561103685,0.818249724368542,0.6733215562828286
67,0.849010989010989,0.7656748764275775,0.8706768057210443,0.818175841074311,0.6734590813867329
68,0.8531868131868132,0.7648223481577151,0.8760734777793411,0.820447912968528,0.6795259639478811
69,0.852912087912088,0.7652304013005495,0.875596495793953,0.8204134485472513,0.6790991808969364
70,0.852912087912088,0.7650317304834576,0.8756720167423069,0.8203518736128822,0.6791504733843532
71,0.8528571428571429,0.7655161155862638,0.8754559497558365,0.8204860326710501,0.6792095390584785
72,0.851978021978022,0.759585621589363,0.8759313777101888,0.8177584996497759,0.676232975993155
73,0.8504395604395605,0.7588585096330309,0.8741327919558882,0.8164956507944595,0.6733594722347284
74,0.8484615384615385,0.7542899099849604,0.872846628531814,0.8135682692583872,0.6690164407078033
75,0.8480769230769231,0.7541026797736651,0.8724719527242191,0.8132873162489421,0.6686418015747987
76,0.848021978021978,0.7538946016031256,0.8724789063025687,0.8131867539528471,0.6685429888883734
77,0.8492857142857143,0.7590721298961299,0.87269299827702,0.8158825640865749,0.6717600694937274
78,0.8490659340659341,0.7589128040798274,0.8724843988366192,0.8156986014582234,0.6714122361585348
79,0.8478571428571429,0.755480370854342,0.8719475418009329,0.8137139563276374,0.6686801017587992
80,0.8493956043956044,0.7611567700040868,0.8723799898304447,0.8167683799172657,0.6724585999928893
81,0.8491758241758242,0.7583310948877603,0.8728987584771997,0.8156149266824799,0.671406028714411
82,0.8487362637362638,0.7550470999386448,0.8731593793372155,0.8141032396379302,0.6697223093190822
83,0.8486263736263736,0.753947054151099,0.8732978152810702,0.8136224347160846,0.6692344438395994
84,0.8484065934065934,0.7533082421631289,0.8731407600442661,0.8132245011036975,0.6685884429837095
85,0.8486263736263736,0.7549395763091822,0.8730690515349994,0.8140043139220908,0.6693658591537854
86,0.8488461538461538,0.7559883202009493,0.8730626958246259,0.8145255080127877,0.67001907392598
87,0.8487912087912088,0.7565233262435773,0.8728583296353475,0.8146908279394625,0.6701076504921867
88,0.8482417582417583,0.75722532252619,0.8718989858455632,0.8145621541858766,0.6694298949782125
89,0.8476923076923077,0.7557733660257534,0.8715544906402949,0.8136639283330241,0.6680473202204159
90,0.8563186813186813,0.7626465479719697,0.8804043172507557,0.8215254326113628,0.682596622053064
91,0.856978021978022,0.764038074238496,0.8808817974875828,0.8224599358630394,0.683998994637949
92,0.8569230769230769,0.7651485897489797,0.880538592225982,0.8228435909874808,0.6842268680247566
93,0.8570879120879121,0.765386684987075,0.8806833617585089,0.8230350233727919,0.684551067422831
94,0.8575824175824176,0.7654374814408952,0.8813022797755518,0.8233698806082235,0.6853185932848919
95,0.8570879120879121,0.7710086001455216,0.8792111721254993,0.8251098861355104,0.6858426672414192
96,0.8566483516483516,0.7706590295451122,0.8787221040011465,0.8246905667731294,0.6850557139363256
97,0.8570879120879121,0.769359730590358,0.8796624503780436,0.8245110904842008,0.6851114748797255
98,0.8587362637362638,0.7875197556615892,0.877187403620655,0.8323535796411221,0.6931315089480685
99,0.8573626373626374,0.7857816238137647,0.8759147585999151,0.83084819120684,0.6908003721798529
100,0.8572527472527472,0.7865970903852135,0.8755976605382587,0.8310973754617361,0.6908018209645155
101,0.8580769230769231,0.7849854122188192,0.8769611592664904,0.8309732857426548,0.6914773724031892
102,0.8578571428571429,0.7784729129868818,0.8784283329410897,0.8284506229639857,0.6892087321750981
103,0.8578571428571429,0.7811753736840793,0.8777447779678743,0.8294600758259768,0.6899845935319812
104,0.8577472527472527,0.7807116462529738,0.8776711109916094,0.8291913786222916,0.6897566474066603
105,0.8583516483516483,0.7727636240929021,0.8805120610201621,0.826637842556532,0.6882698778403658
106,0.8575824175824176,0.77212554649535,0.8797534742126983,0.8259395103540242,0.6870089583214103
107,0.855989010989011,0.7699692904997929,0.8782942928759284,0.8241317916878607,0.6842340762195301
108,0.8565934065934065,0.7722413859784325,0.8784414296266803,0.8253414078025564,0.6856861026339628
109,0.8570879120879121,0.7731856853551065,0.8788578291351306,0.8260217572451185,0.6866961524422016
110,0.8562637362637363,0.7725168178453491,0.8779833037154589,0.825250060780404,0.685146303009747
111,0.8563736263736264,0.7725003545194504,0.8781421699606736,0.825321262240062,0.6851918121197068
112,0.8565934065934065,0.7723160793351752,0.8784736834124014,0.8253948813737882,0.6854830198425798
113,0.8564285714285714,0.7735261576979577,0.877920312104411,0.8257232349011844,0.6855747711677761
114,0.8563736263736264,0.7738439861636874,0.8777882709090973,0.8258161285363924,0.685550479047448
115,0.8547252747252747,0.7686555655210281,0.877112781963225,0.8228841737421265,0.6814883313074172
116,0.8537362637362638,0.7654854598026705,0.8768121926245563,0.8211488262136134,0.6792811476921703
117,0.8536813186813187,0.7653383093661219,0.8767518209352957,0.8210450651507087,0.6791014891678887
118,0.8541758241758242,0.7682307266812382,0.8765972958043182,0.8224140112427781,0.6807229254844481
119,0.8546703296703296,0.7690109105380929,0.8767428249210975,0.8228768677295951,0.681264643271129
120,0.8543956043956044,0.7684816831119693,0.8765317004558854,0.8225066917839273,0.6807330517276717
121,0.8534065934065934,0.7663908927238327,0.8758456423513918,0.8211182675376122,0.6786954721521711
122,0.8548351648351649,0.7669691767799715,0.8773779745684014,0.8221735756741865,0.6809281726256113
123,0.8562087912087912,0.7667256635536527,0.8792737238779124,0.8229996937157825,0.682984769217599
124,0.8582967032967033,0.7725706825477106,0.8804956548089752,0.8265331686783429,0.688131800149521
125,0.8562637362637363,0.7689720872599171,0.8788657853780288,0.823918936318973,0.6839898716553621
126,0.8565934065934065,0.7709941831999976,0.8787962842840449,0.8248952337420212,0.6849692210974271
127,0.8592857142857143,0.7729387823291888,0.8816316527505021,0.8272852175398454,0.6893738939453214
128,0.8565934065934065,0.7682088316616421,0.8791699748370218,0.8236894032493319,0.6841139391306945
129,0.8573076923076923,0.7669318759487492,0.8805073724296906,0.8237196241892198,0.6848654971667799
130,0.8541208791208791,0.7670453971907417,0.8766647528062167,0.8218550749984792,0.6799040310676532
131,0.8547802197802198,0.7674212092945019,0.877348101885414,0.822384655589958,0.6810474821384566
132,0.8570879120879121,0.7749737303005018,0.878380928109826,0.8266773292051639,0.6866432896646305
133,0.857032967032967,0.7750625486906233,0.8782289069645405,0.8266457278275818,0.6865435298754187
134,0.8579670329670329,0.7748703717515812,0.879456100259152,0.8271632360053666,0.6879407314538338
135,0.8569230769230769,0.7760885691419992,0.8778058170645573,0.8269471931032782,0.6865879568402546
136,0.857032967032967,0.7771647287924623,0.8776673393730112,0.8274160340827368,0.6870438988116597
137,0.8575274725274725,0.7779732421742361,0.8780745806929046,0.8280239114335703,0.6880592859375967
138,0.8576923076923076,0.777293743533536,0.8784100049763552,0.8278518742549456,0.6880939089692525
139,0.8562637362637363,0.7771429209541703,0.8766900566633402,0.8269164888087552,0.6858634555196976
140,0.857032967032967,0.775040358656486,0.878247403462757,0.8266438810596215,0.6864064886062546
141,0.8570879120879121,0.7758097256685234,0.8781157978382091,0.8269627617533662,0.6868118004756675
142,0.8573076923076923,0.7762750936338914,0.8782367915750535,0.8272559426044724,0.6872401552233726
143,0.855989010989011,0.7767382058036483,0.876588653703629,0.8266634297536387,0.685340781189078
144,0.8571428571428571,0.7758632177858423,0.8782103843825392,0.8270368010841908,0.6869371679339412
145,0.856043956043956,0.7735136993293426,0.87738873968305,0.8254512195061963,0.6845441199769843
146,0.8569230769230769,0.7761314505701136,0.877760473389575,0.8269459619798443,0.6865660863704421
147,0.8552747252747253,0.7724343596522373,0.8767621801586803,0.8245982699054588,0.6829441225215326
148,0.8564285714285714,0.7734550642564375,0.8780143068965072,0.8257346855764723,0.6850114068483217
149,0.856978021978022,0.774132006117863,0.8784835599080041,0.8263077830129336,0.6860536350809578
150,0.856043956043956,0.771176959685627,0.8781118143233906,0.8246443870045088,0.6837395126991039
151,0.8562087912087912,0.7711232195192121,0.8783824049951717,0.824752812257192,0.6839924113511017
152,0.8558241758241758,0.7672726482822051,0.8787596001473794,0.8230161242147923,0.682412667055445
153,0.856978021978022,0.7662661699097224,0.8804812698569532,0.8233737198833379,0.6838012387939784
154,0.8568131868131869,0.7665989401799926,0.8802198250984994,0.823409382639246,0.6836865217831021
155,0.856043956043956,0.7660332986143511,0.8794065000135017,0.8227198993139264,0.6822559381535087
156,0.8547802197802198,0.7614933188943989,0.8789457790951136,0.8202195489947562,0.6790608249897557
157,0.8544505494505494,0.7637582084105482,0.8779815998464123,0.8208699041284803,0.679319132743247
158,0.8532967032967033,0.7614137528305295,0.8770837372688791,0.8192487450497044,0.6768281735136571
159,0.8534065934065934,0.7616499760667528,0.8771454250634861,0.8193977005651194,0.6770519978835072
160,0.8539010989010989,0.7624687122681109,0.8775845874567936,0.8200266498624522,0.6780188175096095
161,0.8541208791208791,0.7610385830870949,0.8781815229504196,0.8196100530187573,0.6780759306734585
162,0.8536263736263736,0.7605615396481967,0.8776953146214056,0.8191284271348012,0.6771401784994256
163,0.8533516483516483,0.7604288774349977,0.8773954784546202,0.8189121779448089,0.6766578891431334
164,0.8538461538461538,0.7607508947712158,0.8779420530922739,0.8193464739317449,0.677474477478871
165,0.8541758241758242,0.7617532026745281,0.8780978798674284,0.8199255412709782,0.6782202886344816
166,0.8542857142857143,0.7621938881152135,0.8780801418029762,0.8201370149590949,0.6785860712406947
167,0.8544505494505494,0.7621097130310384,0.8783548454422057,0.820232279236622,0.6788354911528451
168,0.8535164835164836,0.7608806581975398,0.8775313209035354,0.8192059895505376,0.6770183869319626
169,0.8534615384615385,0.7607663130831946,0.8774571122889455,0.8191117126860701,0.6769003390476568
170,0.8534065934065934,0.7607304279157305,0.8773807510345927,0.8190555894751617,0.6768269471805783
171,0.8528571428571429,0.7599626743926579,0.8768953835070302,0.818429028949844,0.6757591863767364
172,0.852912087912088,0.7598794896035908,0.8769539344796199,0.8184167120416054,0.6757829714990764
173,0.8526923076923076,0.7589854678346856,0.8769566510328461,0.8179710594337658,0.6752220411320736
174,0.8524725274725274,0.7585698225433605,0.8767609632014345,0.8176653928723975,0.6747757509208021
175,0.8526923076923076,0.7605718360179959,0.8765960144356096,0.8185839252268028,0.6756711031992402
176,0.8512637362637363,0.7581558114907504,0.8754566451390361,0.8168062283148932,0.6729330067958161
177,0.8522527472527472,0.7590696772222795,0.8764149034073728,0.8177422903148261,0.6746191077350969
178,0.8521428571428571,0.7576972013112478,0.8766321190171692,0.8171646601642085,0.674039848146796
179,0.852032967032967,0.7582452493592958,0.8763591133508034,0.8173021813550496,0.6740860829204249
180,0.851978021978022,0.757403550517597,0.8765004719921621,0.8169520112548795,0.6737822389911581
181,0.8506043956043956,0.7548629461979376,0.8754992409544483,0.815181093576193,0.6707983974752645
182,0.8506593406593407,0.7548629461979376,0.8755610261570265,0.815211986177482,0.670878723574727
183,0.8498901098901099,0.7528884413450938,0.8750033404796733,0.8139458909123836,0.6691748894979767
184,0.8475824175824176,0.7481293392001986,0.8732570862356518,0.8106932127179252,0.6644333902080227
185,0.8482417582417583,0.7496318733814871,0.8737397270982259,0.8116858002398565,0.6659121297265433
186,0.8473076923076923,0.7509844288232495,0.8722750125683566,0.811629720695803,0.6651349983246566
187,0.8471428571428572,0.7508591423450218,0.8720746565034211,0.8114668994242215,0.6648606244240205
188,0.8474175824175825,0.7498872311542452,0.8726149055362395,0.8112510683452423,0.6649555061306694
189,0.8482967032967033,0.7526781855303026,0.8731474204190806,0.8129128029746916,0.6671010497657454
190,0.8473076923076923,0.7516062609377375,0.8721911534641178,0.8118987072009276,0.6653515767221104
191,0.8463736263736263,0.750170906160202,0.8714183628986426,0.8107946345294222,0.6635249855463157
192,0.8465384615384616,0.7502139037031995,0.8716434586932071,0.8109286811982034,0.6637396489317485
193,0.8456593406593407,0.749213988193366,0.8707470899893044,0.8099805390913352,0.6620464015190185
194,0.8454945054945054,0.7519688391598232,0.8698579595020512,0.8109133993309372,0.6626916839339372
195,0.8460989010989011,0.7527662397989257,0.870389358360465,0.8115777990796954,0.6638979704763861
196,0.8464835164835165,0.7538506553833413,0.8705866405388168,0.812218647961079,0.6648590694549289
197,0.8464835164835165,0.7537078385502741,0.87071977733958,0.812213807944927,0.6648174187638197
198,0.8468131868131868,0.7536863954032733,0.8711012472888456,0.8123938213460594,0.6652266659959682
199,0.8451648351648352,0.7508144169881605,0.8697254816294964,0.8102699493088285,0.6620547720748954
200,0.8439010989010989,0.7476969643415025,0.8689391607195388,0.8083180625305206,0.6592747228095243
201,0.8437362637362638,0.7463558604893799,0.8690853093977657,0.8077205849435728,0.6586257014313686
202,0.8431868131868132,0.7464090166355593,0.8683792868145056,0.8073941517250325,0.6578660982202172
203,0.8429120879120879,0.7458675388494006,0.8681784066802732,0.8070229727648369,0.6572945620205691
204,0.843021978021978,0.7463505750771177,0.8681659708571539,0.8072582729671358,0.6576082836111513
205,0.8428021978021978,0.7479064269633685,0.8674981399031457,0.8077022834332571,0.6576118792944141
206,0.8426923076923077,0.7469773798374346,0.8675908308076743,0.8072841053225545,0.6571076613238207
207,0.8428021978021978,0.7467143928244476,0.8677834719121641,0.8072489323683059,0.6572250927165004
208,0.8432967032967033,0.7493379240065591,0.8678341417950531,0.8085860329008061,0.6590575879195762
209,0.8431318681318681,0.7490595838345177,0.8676942301290286,0.8083769069817731,0.6586756264675102
210,0.8428021978021978,0.7471481978067522,0.8676928128954685,0.8074205053511103,0.6575532812557349
211,0.8428571428571429,0.7464737514943621,0.8679796041872497,0.8072266778408059,0.6574133876280457
212,0.8431318681318681,0.7471888290996836,0.8681112529227493,0.8076500410112165,0.6580076960126593
213,0.8428571428571429,0.746704480225091,0.8678951427418504,0.8072998114834706,0.6574533444184303
214,0.8412087912087912,0.7445976065581753,0.8663235249207459,0.8054605657394606,0.6545548361138245
215,0.8406593406593407,0.7439068399811103,0.865806086772839,0.8048564633769747,0.653571117679462
216,0.840989010989011,0.745513576645437,0.8657472451414071,0.805630410893422,0.6545502544582635
217,0.8412087912087912,0.7457778658853715,0.8659188842610481,0.8058483750732098,0.6547672394899843
218,0.8408791208791209,0.7428941169819003,0.8663398470187315,0.804616982000316,0.6534460650570303
219,0.8406043956043956,0.7431098800752387,0.8660298454045667,0.8045698627399027,0.653172730030624
220,0.8404945054945054,0.7426101788956595,0.8660313276569804,0.8043207532763199,0.6527784808405139
221,0.8404945054945054,0.7426037686392492,0.8660295944386109,0.8043166815389301,0.652804677036734
222,0.8410989010989011,0.7458387565351808,0.8658930157322491,0.805865886133715,0.6546624322400059
223,0.8414835164835165,0.7454795189985239,0.8665401816417492,0.8060098503201366,0.6551571084924105
224,0.8413736263736263,0.7452377286251547,0.8664793140792555,0.805858521352205,0.6548985019936139
225,0.8409340659340659,0.7444263105536953,0.8661196431960934,0.8052729768748943,0.6541366273307935
226,0.8396153846153847,0.7411128321466396,0.8652602950723657,0.8031865636095027,0.6512100489828433
227,0.8402197802197802,0.743837938703664,0.8653421431464949,0.8045900409250795,0.652937949642309
228,0.8402197802197803,0.7434569863227116,0.8655023262730988,0.8044796562979052,0.6527966815993291
229,0.8401648351648352,0.7434569863227116,0.8654233317934421,0.8044401590580769,0.6527422479814889
230,0.8397252747252747,0.742804890670616,0.8649982280291476,0.8039015593498818,0.6518713171052146
231,0.8397252747252747,0.7434773710115173,0.8647951899869712,0.8041362804992443,0.6520831296283089
232,0.8398351648351648,0.7435764140737183,0.8649331472677857,0.8042547806707521,0.6522732085375529
233,0.8395054945054945,0.7430500982842446,0.8646468993016151,0.8038484987929299,0.6516900761852948
234,0.84,0.7436226789294059,0.8651578700729232,0.8043902745011646,0.6525629406820898
235,0.8403296703296703,0.74390856409687,0.865469705702248,0.8046891348995591,0.653142901344108
236,0.8406043956043956,0.744291593326077,0.8656084685696918,0.8049500309478843,0.6534885064727199
237,0.8408791208791209,0.744291593326077,0.865944051051953,0.805117822189015,0.6539085301015376
238,0.8421428571428572,0.7462384874111289,0.8670936981154519,0.8066660927632904,0.6563652229034965
239,0.8424175824175825,0.7456802980119766,0.8675828237095224,0.8066315608607495,0.6565675638665472
240,0.8421428571428572,0.7445651457701233,0.8675187208539553,0.8060419333120393,0.6558389346304171
241,0.8420879120879121,0.7429451841843615,0.8678695255647216,0.8054073548745415,0.6552719554425713
242,0.8417582417582418,0.7430012065933251,0.8674600857475311,0.805230646170428,0.6548043230219283
243,0.8417582417582418,0.7432231939083357,0.8674195455781998,0.8053213697432677,0.6547960940068281
244,0.8412637362637363,0.7428431205503211,0.8669264610894463,0.8048847908198837,0.6540005188366128
245,0.8410989010989011,0.7427870308067314,0.8667170627749938,0.8047520467908627,0.6537572448029342
246,0.8403296703296703,0.7412021990114865,0.8661826379261042,0.8036924184687954,0.6520944551774912
247,0.8404395604395605,0.7412399064021351,0.8663006725800719,0.8037702894911035,0.6522713158645146
248,0.8408791208791209,0.7416105732353019,0.866771494145742,0.8041910336905219,0.6530990545005323
249,0.8406043956043956,0.7413172966194447,0.8665000796946452,0.8039086881570449,0.6526202634559606
250,0.8407692307692308,0.7396870168759683,0.8671256843294581,0.8034063506027133,0.6523690389221708
251,0.8402197802197802,0.7384086732283611,0.86678350877302,0.8025960910006906,0.6511876635995284
252,0.8401648351648352,0.7371709550093628,0.8670721077347902,0.8021215313720764,0.6507716821650561
253,0.8399450549450549,0.73622215574661,0.8670603840202714,0.8016412698834406,0.6501569000708349
254,0.8408791208791209,0.7384832738683524,0.8676904695627508,0.8030868717155516,0.6522392586058168
255,0.8406043956043956,0.7376839008276002,0.86755217166235,0.8026180362449751,0.6515690902787021
256,0.8397252747252747,0.7340240453696816,0.8673646733008835,0.8006943593352825,0.6491118064339951
257,0.8396703296703296,0.7339771404657999,0.8673063126090728,0.8006417265374363,0.6489926080793972
258,0.8396703296703297,0.7326040670601432,0.8676510153999529,0.8001275412300481,0.6485811701647934
259,0.8397802197802198,0.7325877271908622,0.8677692589388282,0.8001784930648452,0.6488027075885903
260,0.8393406593406594,0.7322559778591128,0.8672958984556376,0.7997759381573752,0.6480242186088175
261,0.8397252747252747,0.7325048758679288,0.8676919348326153,0.800098405350272,0.6486913348285144
262,0.8395604395604396,0.7324981282296021,0.8674858350433206,0.7999919816364613,0.6484640270534152
263,0.8385714285714285,0.7336228441917795,0.8659865864792332,0.7998047153355063,0.6473279706433905
264,0.8385714285714285,0.7331281627731411,0.8661129039349372,0.7996205333540392,0.6472589482300893
265,0.8381318681318681,0.7315354537550729,0.8659980066794564,0.7987667302172646,0.646055118749684
266,0.8384065934065934,0.7315731611457215,0.8663544393838656,0.7989638002647935,0.646459742261626
267,0.838021978021978,0.7313804105253888,0.8659237674497082,0.7986520889875485,0.6458762462544774
268,0.8379120879120879,0.7302608058653429,0.8660799028773194,0.7981703543713312,0.6453570991043157
269,0.8377472527472527,0.7296465330559482,0.8660099728073893,0.7978282529316687,0.6448992041504903
270,0.8376923076923077,0.7294043802843152,0.8660069069077717,0.7977056435960435,0.6448152847705915
271,0.8376923076923077,0.7289279197057559,0.8661448379422545,0.7975363788240052,0.64467377221405
272,0.8378021978021978,0.7293073950826099,0.86615371184458,0.7977305534635949,0.6448721337468531
273,0.8358241758241758,0.7271436848429796,0.8642843677340624,0.795714026288521,0.6414708938753069
274,0.8360439560439561,0.726684381456337,0.8645986440356316,0.7956415127459843,0.6415236244659183
275,0.8359340659340659,0.7264571087290642,0.8645318901693992,0.7954944994492317,0.6412766001917719
276,0.8360439560439561,0.7274546091335414,0.8643993346280496,0.7959269718807955,0.6417170381881331
277,0.8363186813186814,0.7266624176100697,0.8649483239604094,0.7958053707852395,0.6418340859388333
278,0.8362637362637363,0.7283031789558709,0.8644750035866713,0.7963890912712711,0.6422161708918817
279,0.8362087912087912,0.727820620816336,0.8645464321580999,0.796183526487218,0.6419835156746243
280,0.8360439560439561,0.727820620816336,0.864343087131479,0.7960818539739075,0.6417556059646065
281,0.8359340659340659,0.7283135084408026,0.8640686451117247,0.7961910767762637,0.6418396320324612
282,0.8358791208791209,0.7285460665803375,0.863929135098114,0.7962376008392257,0.6417970403124005
283,0.8348901098901099,0.7275590333981824,0.862932778166484,0.7952459057823331,0.6401063002952163
284,0.8347252747252747,0.7279106553580647,0.8626311548073513,0.795270905082708,0.6400277442600882
285,0.8348351648351648,0.7277003924745027,0.862848129877873,0.7952742611761878,0.6400901640185725
286,0.8341758241758241,0.7267490698631381,0.8622477571401971,0.7944984135016676,0.6387796555786392
287,0.8341208791208791,0.7262471146111829,0.8623166026453205,0.7942818586282517,0.6385250486596137
288,0.8341208791208791,0.7259768443409126,0.8623789780299009,0.7941779111854067,0.6384456669525576
289,0.8346153846153846,0.7263649789200488,0.862924873502997,0.7946449262115229,0.6393365636398248
290,0.8345604395604396,0.7266030741581441,0.8627814408067692,0.7946922574824566,0.6393471811764335
291,0.8342857142857143,0.7256096044928171,0.8627049987008848,0.7941573015968509,0.6387578279292804
292,0.8334615384615385,0.7244156536520502,0.8619524013881691,0.7931840275201096,0.6372025828642266
293,0.8331868131868132,0.7241629065090591,0.861694498279115,0.7929287023940871,0.6367041892629509
294,0.8332417582417583,0.7244331767793294,0.861689874331634,0.7930615255554817,0.636864570726657
295,0.8325824175824176,0.7228569678656592,0.8612710259272883,0.7920639968964738,0.6355337628228581
296,0.8322527472527472,0.7226244097261243,0.8609391096670195,0.7917817596965719,0.6350242463638498
297,0.8324175824175825,0.7226244097261243,0.8611444997232659,0.791884454724695,0.6352640666337059
298,0.8323076923076923,0.7226244097261243,0.8610090754335367,0.7918167425798305,0.635091752138666
299,0.8324725274725274,0.723151085512718,0.8610696037876755,0.7921103446501967,0.6355232184029417
300,0.8321428571428572,0.7226304317909699,0.8608031024771188,0.7917167671340444,0.6349217839723221
301,0.8321978021978022,0.7228743342299943,0.8608031024771188,0.7918387183535566,0.6350688034858212
302,0.8325824175824176,0.7217119609073362,0.861559365785812,0.7916356633465741,0.6351163011926135
303,0.8326923076923077,0.7210892551530516,0.8618573154437481,0.7914732852983998,0.6350698688805838
304,0.8327472527472527,0.7214237403559578,0.8618668758149414,0.7916453080854495,0.635214352070211
305,0.8326373626373627,0.7211486779034759,0.8617949096609798,0.7914717937822279,0.6350378380441271
306,0.8322527472527472,0.7207767551530515,0.8613737467316575,0.7910752509423545,0.6343684855444559
307,0.8325274725274725,0.7211616174312961,0.861634881233843,0.7913982493325695,0.6348724603530199
308,0.8323626373626374,0.7192844167166341,0.8619026223401832,0.7905935195284086,0.6341023192901662
309,0.8323626373626374,0.7192844167166341,0.8619039647421879,0.790594190729411,0.6340920435948955
310,0.8323626373626374,0.7203742994643361,0.8616391338833577,0.7910067166738469,0.6344078885190608
311,0.8326923076923077,0.7206931440266017,0.8620051823058656,0.7913491631662337,0.6349283175409486
312,0.8323076923076923,0.7220876429495636,0.8611657048600816,0.7916266739048227,0.6349245599625388
313,0.8322527472527472,0.722373357235278,0.8610095974233984,0.7916914773293382,0.6349633770455015
314,0.8325824175824176,0.7217843964651793,0.8615493437995448,0.7916668701323621,0.6351867737528574
315,0.8326373626373627,0.7217843964651793,0.8616134463636475,0.7916989214144133,0.6352753518414355
316,0.8326923076923077,0.7214727433486482,0.8617648894772755,0.7916188164129618,0.635242209527662
317,0.8324175824175825,0.721081685588165,0.8615619675727174,0.7913218265804413,0.634729733818918
318,0.8321978021978022,0.7204756249821044,0.8614277333384832,0.7909516791602939,0.6342378944644342
319,0.8318681318681319,0.7209054307619102,0.8608924781234095,0.7908989544426599,0.6339254919310519
320,0.8317582417582418,0.7204234330847905,0.8608864335149842,0.7906549332998873,0.6336264624400617
321,0.8317582417582418,0.7207892993700822,0.8608149173797791,0.7908021083749307,0.6337292462575993
322,0.8318131868131868,0.7209706935444344,0.8608143173635475,0.7908925054539909,0.6339645908047306
323,0.8317032967032967,0.720875385626546,0.8606886763379065,0.7907820309822262,0.6337169142853096
324,0.8317582417582418,0.720875385626546,0.8607407322387971,0.7908080589326715,0.6338448024755224
325,0.8315384615384616,0.7192828013351211,0.8608846730384223,0.7900837371867717,0.6329685866083634
326,0.8315934065934066,0.7196161346684545,0.8608846453800124,0.7902503900242335,0.6331360214659945
327,0.8313186813186814,0.72049893926086,0.8603359067325377,0.7904174229966988,0.6330666253159963
328,0.8311538461538461,0.7198430252823653,0.8602660640223138,0.7900545446523396,0.6325991224195113
329,0.8310439560439561,0.7203797207600625,0.8600020748674849,0.7901908978137737,0.632643832236956
330,0.8306593406593407,0.7199309110308922,0.85965632694812,0.7897936189895061,0.6320321612394784
331,0.8310439560439561,0.7202548802976807,0.8600641039524639,0.7901594921250723,0.6326766182807497
332,0.831098901098901,0.7204821530249533,0.8600585462821175,0.7902703496535355,0.6328382229109892
333,0.8307142857142857,0.7192231431297658,0.8599258328647362,0.789574487997251,0.6318760519649712
334,0.8307692307692308,0.718995870402493,0.8600598134887545,0.7895278419456238,0.6319014097686795
335,0.8309340659340659,0.7179616580494186,0.860532390965489,0.7892470245074538,0.6317959642217614
336,0.8307692307692308,0.7179669434616807,0.8603178327832244,0.7891423881224525,0.6315899420365777
337,0.8307142857142857,0.7179669434616807,0.8602506827653225,0.7891088131135016,0.6315145180500406
338,0.8307692307692308,0.7179669434616807,0.8603293671166903,0.7891481552891855,0.6315816937468453
339,0.8308791208791209,0.7179669434616807,0.8604733337942705,0.7892201386279756,0.6317263743090016
340,0.8306593406593407,0.7179669434616807,0.8601857652732359,0.7890763543674583,0.6314367750135688
341,0.830989010989011,0.7179212801264186,0.8605917817584484,0.7892565309424335,0.6318714677341167
342,0.8313186813186814,0.7173390810442196,0.8611261023042351,0.7892325916742273,0.6321117146781925
343,0.8312637362637363,0.7176331986912784,0.8609872067170636,0.7893102027041711,0.6321452565653929
344,0.8311538461538461,0.7171501624635613,0.8609906343239395,0.7890703983937505,0.631888007976317
345,0.8310439560439561,0.7165841905446483,0.86099170441799,0.7887879474813191,0.6315674462840052
346,0.8310439560439561,0.7165841905446483,0.8609960792964656,0.7887901349205569,0.6315845636695436
347,0.8312087912087912,0.7166200757121124,0.8612013793491419,0.7889107275306271,0.631822094807681
348,0.8311538461538461,0.7168328416695592,0.8610604713858574,0.7889466565277082,0.6318015889714449
349,0.8320879120879121,0.7177528159416321,0.8619797951438735,0.7898663055427527,0.6333412663225924
350,0.8311538461538461,0.7154652655454987,0.8614083589589726,0.7884368122522357,0.6313466313113953
351,0.8308241758241758,0.7153150929060865,0.8610634953883881,0.7881892941472374,0.6308019778301391
352,0.8309340659340659,0.7123087401286381,0.8619594228989725,0.7871340815138053,0.6299162916951643
353,0.8308791208791209,0.7125360128559108,0.861819391563289,0.7871777022095999,0.6299188423305164
354,0.8307692307692308,0.711874315429576,0.861891682406574,0.786882998918075,0.629531366530547
355,0.8302747252747252,0.7121385268126189,0.8611978991712361,0.7866682129919276,0.6289208492752193
356,0.8303296703296703,0.7118289604100293,0.8613307468790838,0.7865798536445565,0.6289051164275669
357,0.8301098901098901,0.7116714735406876,0.8611285106343306,0.7863999920875091,0.6285260337190502
358,0.8301098901098901,0.7118821165562087,0.8610605260824787,0.7864713213193437,0.6285994628280356
359,0.8302197802197803,0.7123195046984622,0.8611434217207796,0.786731463209621,0.6289118617050533
360,0.830054945054945,0.712553358563895,0.8608505313483314,0.7867019449561132,0.6288620305950618
361,0.8297802197802198,0.7122320132425497,0.8605750729898101,0.7864035431161799,0.628352178400531
362,0.8297802197802198,0.7119939180044544,0.8606367697771673,0.7863153438908108,0.628285835252024
363,0.8297252747252747,0.7119756029861394,0.8605745954204833,0.7862750992033114,0.6281695031416586
364,0.8295054945054945,0.7112721397826762,0.8605007147216026,0.7858864272521394,0.6276668538682741
365,0.8297252747252747,0.7122972024393178,0.8605116366184107,0.7864044195288643,0.6282485273550704
366,0.8295604395604396,0.7118318344739498,0.8604364003647259,0.7861341174193379,0.6278876615856703
367,0.830054945054945,0.7124022640443795,0.8609162690157636,0.7866592665300715,0.6286924681349774
368,0.8295054945054945,0.7094238618293711,0.8608948286778905,0.7851593452536307,0.6270955612845112
369,0.8291758241758241,0.7083407986393312,0.8606778583443918,0.7845093284918615,0.6263739355133866
370,0.8290659340659341,0.7089521446576539,0.8604168898364555,0.7846845172470547,0.6263336512321312
371,0.8289010989010989,0.7097521446576539,0.8600681437680086,0.7849101442128312,0.6263906241303188
372,0.8290659340659341,0.7097521446576539,0.8602747353638315,0.7850134400107427,0.626618595711315
373,0.8293956043956044,0.7091352615407708,0.860827458576783,0.784981360058777,0.6268624175717918
374,0.8293406593406594,0.7083352615407708,0.8608906932009821,0.7846129773708764,0.626520788705586
375,0.8295054945054945,0.7089602615407707,0.8609713009213786,0.7849657812310747,0.626918582890333
376,0.829945054945055,0.7086992625171507,0.8616469558609341,0.7851731091890424,0.6274563561602583
377,0.8297252747252747,0.7080963340072455,0.8615070676040879,0.7848017008056667,0.6269342355172086
378,0.8297252747252747,0.7080963340072455,0.8615011394409925,0.7847987367241189,0.6269604591050106
379,0.8296703296703297,0.7080963340072455,0.8614344258498051,0.7847653799285252,0.6268873619459675
380,0.8296703296703297,0.7075820482929597,0.8614938064371956,0.7845379273650777,0.626764705982152
381,0.8297252747252747,0.7075820482929597,0.8615600316027586,0.7845710399478592,0.626850639948683
382,0.8296153846153846,0.7075753006546331,0.8614282508858715,0.7845017757702523,0.6267161323944148
383,0.8291208791208792,0.7092691200780387,0.8604729861527789,0.7848710531154087,0.6266414060462795
384,0.8289560439560439,0.7090059621833018,0.8603336643107286,0.7846698132470151,0.6263063527727067
385,0.8287912087912088,0.7076433487986296,0.8604757102602325,0.784059529529431,0.6256565103064248
386,0.8286263736263736,0.707636601160303,0.8602619698195546,0.7839492854899288,0.6254570034452875
387,0.8286263736263736,0.7079164641241643,0.860194855725595,0.7840556599248796,0.6255030540399953
388,0.827032967032967,0.7030611209696648,0.859385335500967,0.7812232282353159,0.6217476389126213
389,0.8273076923076923,0.7028710822849452,0.8597889351156721,0.7813300087003087,0.6221110353387832
390,0.8271428571428572,0.7028710822849452,0.8595804824856191,0.7812257823852822,0.6219000758056606
391,0.826978021978022,0.7028710822849452,0.8593774454612764,0.7811242638731108,0.6216734983419083
392,0.8269230769230769,0.7028710822849452,0.859307476399673,0.7810892793423091,0.6215883576642153
393,0.8269230769230769,0.7029699833838464,0.859297631892756,0.7811338076383012,0.6216184619584115
394,0.8267032967032967,0.7023150977289607,0.8591568725335136,0.7807359851312371,0.6210849873320555
395,0.8271978021978021,0.7026754006716344,0.859770137790059,0.7812227692308467,0.6219069924717195
396,0.827032967032967,0.7022100327062664,0.8597006933456145,0.7809553630259405,0.6215319470774986
397,0.827032967032967,0.7024731906010032,0.85962455089882,0.7810488707499116,0.6216402547288634
398,0.8269230769230769,0.7015397030359367,0.8596964933448631,0.7806180981903998,0.6211341217465072
399,0.8273076923076923,0.7019744856446324,0.860056846373321,0.7810156660089768,0.6217367728363494
400,0.8262087912087912,0.7005714922622339,0.8590772735214083,0.7798243828918211,0.6198923970695305
401,0.8260439560439561,0.6998150820058237,0.8590893607509918,0.7794522213784078,0.6193806137423784
402,0.8261538461538461,0.7005920008507784,0.8590255044310549,0.7798087526409166,0.6198103573567314
403,0.8262637362637363,0.6989995216853853,0.8595052789342,0.7792524003097927,0.6193472425992064
404,0.8260439560439561,0.6973266802454405,0.8596515551307039,0.7784891176880723,0.618496941009811
405,0.8262637362637363,0.6987391125400657,0.8595208158382404,0.779129964189153,0.6193032542773995
406,0.8264835164835165,0.6993248510799638,0.8596573921583737,0.7794911216191688,0.6198334295513003
407,0.8262637362637363,0.6993248510799638,0.8593874643626941,0.7793561577213289,0.619528850621624
408,0.8263186813186814,0.6990022704348026,0.8595270916027299,0.7792646810187662,0.6194534454557166
409,0.8263186813186814,0.6991456026895071,0.859519651987753,0.7793326273386301,0.6196158777682338
410,0.8262087912087912,0.6991456026895071,0.859376685123588,0.7792611439065475,0.6194842803324835
411,0.825989010989011,0.6985373077586315,0.859232975129869,0.7788851414442503,0.6189337244425412
412,0.8258791208791209,0.6982873077586315,0.8591684590008367,0.7787278833797341,0.6186845289026175
413,0.826098901098901,0.6990446710124885,0.8592420463194689,0.7791433586659786,0.6192361356843754
414,0.8262087912087912,0.6990446710124885,0.8593668553554729,0.7792057631839806,0.6194077213968208
415,0.8257692307692308,0.6980434053196072,0.8590918689088152,0.7785676371142112,0.6184745761900953
416,0.8256593406593407,0.6982873077586315,0.8588733815138572,0.7785803446362444,0.6184318910771677
417,0.8258791208791209,0.6980241498638947,0.8592222665778853,0.7786232082208899,0.6186219163306756
418,0.8257142857142857,0.6978562998870463,0.8590950357740148,0.7784756678305307,0.6183853663490992
419,0.8258241758241758,0.6976290271597737,0.8592966455905183,0.778462836375146,0.6184689331218498
420,0.8256043956043956,0.697870057663962,0.8589485875153782,0.7784093225896701,0.6182569770352396
421,0.8257142857142857,0.697870057663962,0.8590988967601004,0.7784844772120313,0.6184143855882636
422,0.8256593406593407,0.697870057663962,0.8590194973751939,0.778444777519578,0.6183385325093875
423,0.8258241758241758,0.6981332155586989,0.8591640153938126,0.7786486154762557,0.6186513140614552
424,0.8257142857142857,0.698120057663962,0.8590345290421525,0.7785772933530573,0.618477182830986
425,0.8254945054945055,0.6975190123677948,0.8588928226514261,0.7782059175096104,0.6179579833718221
426,0.8255494505494505,0.6975190123677948,0.8589627527213562,0.7782408825445755,0.6180243776516995
427,0.8251648351648352,0.6973012391958621,0.8585528610045579,0.7779270501002099,0.6173916368728083
428,0.8251098901098901,0.6963660112717578,0.8586837650446768,0.7775248881582173,0.6169961241273321
429,0.8251098901098901,0.6961160112717578,0.8587513326122443,0.7774336719420011,0.6169230096477135
430,0.8247802197802198,0.6944521766757423,0.8587451333833266,0.7765986550295344,0.6159603032781655
431,0.8247252747252747,0.6947190297057533,0.8586008702304152,0.7766599499680842,0.6159946058096997
432,0.8248901098901099,0.6936863036598693,0.8591005605852509,0.7763934321225601,0.6157630642003925
433,0.824945054945055,0.694212619449343,0.859028096817135,0.7766203581332389,0.616037054875391
434,0.8247802197802198,0.6939988036598693,0.8588905081646527,0.776444655912261,0.6157164746343606
435,0.8248901098901099,0.6950382773440799,0.858752581843261,0.7768954295936704,0.616220019761899
436,0.8242857142857143,0.6952430793447223,0.8579347228497758,0.776588901097249,0.6155028410692365
437,0.8242857142857143,0.6955062372394591,0.8578567554763933,0.7766814963579262,0.615602625574382
438,0.8241758241758241,0.6955062372394591,0.8577250192437578,0.7766156282416085,0.6154337019753929
439,0.8241758241758241,0.6947002526834746,0.8579232829873974,0.776311767835436,0.6151501113051765
440,0.8241208791208792,0.6938730169111168,0.8580502897930985,0.7759616533521076,0.6148173506278599
441,0.8243406593406594,0.694394697127919,0.8581911977563831,0.776292947442151,0.6152803455738022
442,0.8241208791208791,0.6941507946888946,0.8579890163757532,0.7760699055323239,0.6149085399931763
443,0.8242857142857143,0.6944365089746088,0.8581376779090613,0.776287093441835,0.6152213432631657
444,0.8239010989010989,0.6924612357879174,0.858121506321643,0.7752913710547802,0.6140349093760787
445,0.8239010989010989,0.6927176460443276,0.8580518672558255,0.7753847566500766,0.6141128090857358
446,0.824010989010989,0.6927176460443276,0.8581852005891588,0.7754514233167432,0.6142773660477611
447,0.8237912087912088,0.6931100879047928,0.8578513727690718,0.7754807303369322,0.6140889058903439
448,0.8237912087912088,0.693432668549954,0.8577824072518303,0.7756075379008922,0.6142314127223173
449,0.8236813186813187,0.693432668549954,0.8576410627308034,0.7755368656403787,0.6140913691909694
450,0.8236813186813187,0.6928945411368267,0.8577791772350095,0.7753368591859181,0.6139541737859733
451,0.8236813186813187,0.6931623982796837,0.8577137282560549,0.7754380632678693,0.6140058160008774
452,0.8234615384615385,0.6925695473642522,0.857572647431324,0.7750710973977881,0.6134623961526369
453,0.8236813186813187,0.6930723757740573,0.857716043780056,0.7753942097770566,0.6139466697441794
454,0.8236813186813187,0.6933949564192187,0.8576387022281936,0.7755168293237061,0.6141046686208813
455,0.8234615384615385,0.6933874489117111,0.8573567216766653,0.7753720852941882,0.6138558153636727
456,0.8231318681318681,0.6924921786414409,0.857148388343332,0.7748202834923864,0.6130497837012777
457,0.8231868131868132,0.6924921786414409,0.8572178327877764,0.7748550057146086,0.6131310845142859
458,0.8234065934065934,0.693143737687642,0.8572972149234862,0.7752204763055641,0.6135679120832278
459,0.8231318681318681,0.6934562376876421,0.856875062439548,0.7751656500635951,0.6134007499327576
460,0.8233516483516483,0.6937253222616047,0.8570836389049924,0.7754044805832986,0.6137994367393206
461,0.8223626373626374,0.689975486300188,0.8568211251151677,0.7733983057076779,0.611000428917173
462,0.8223626373626374,0.6897315838611636,0.8568974498871447,0.7733145168741542,0.6109103666157405
463,0.8223076923076923,0.6897315838611636,0.8568223426370374,0.7732769632491006,0.6108482550952955
464,0.8224175824175824,0.6897315838611636,0.8569623739727209,0.7733469789169423,0.6109809577705622
465,0.8224175824175824,0.6897315838611636,0.8569574777721726,0.7733445308166681,0.6109895722579304
466,0.8221978021978021,0.6897315838611636,0.8566861543360604,0.773208869098612,0.610686898146852
467,0.8222527472527472,0.6897315838611636,0.8567586181041763,0.77324510098267,0.6107628475139406
468,0.8221978021978021,0.6897315838611636,0.8566886880342462,0.7732101359477049,0.6106755244184874
469,0.8224175824175824,0.6897838942360546,0.8569666766507442,0.7733752854433994,0.6110265581993141
470,0.822032967032967,0.6900338942360547,0.8564065838805175,0.7732202390582861,0.610617792808279
471,0.8218131868131868,0.6894613135908934,0.8562660931730439,0.7728637033819686,0.6101282114865242
472,0.8220879120879121,0.690170385446788,0.8564090155187243,0.7732897004827561,0.6107103901419806
473,0.8215384615384616,0.6905701802484296,0.855637527935389,0.7731038540919093,0.6100627025096547
474,0.8215384615384616,0.6905701802484296,0.855637527935389,0.7731038540919093,0.6100627025096547
475,0.8217582417582417,0.6905701802484296,0.8559172618947005,0.773243721071565,0.6103648639225708
476,0.8218681318681319,0.6908927608935909,0.8559892043407437,0.7734409826171673,0.6106579882188219
477,0.8218681318681319,0.6908927608935909,0.8559892043407437,0.7734409826171673,0.6106579882188219
478,0.8218131868131868,0.6908927608935909,0.8559172618947005,0.7734050113941457,0.6105824906210181
479,0.8217032967032967,0.6908927608935909,0.8557783730058116,0.7733355669497013,0.6104199652264253
480,0.8217032967032967,0.6902796397078891,0.8559177475201861,0.7730986936140376,0.6101697052558475
481,0.8217032967032967,0.6902796397078891,0.8559177475201861,0.7730986936140376,0.6101697052558475
482,0.8217582417582417,0.6905499099781593,0.8559177475201861,0.7732338287491727,0.6103178180126559
483,0.8217032967032967,0.6902796397078891,0.8559177475201861,0.7730986936140376,0.6101697052558475
484,0.8218131868131868,0.6902867520834225,0.8560542060952615,0.773170479089342,0.6103134620481012
485,0.8219230769230769,0.6905701802484296,0.8561150453951337,0.7733426128217817,0.6106131636264129
486,0.8218131868131868,0.6903099906233207,0.8560470930158048,0.7731785418195627,0.6103642310341167
487,0.8216483516483516,0.6900468327285838,0.8559110385940362,0.7729789356613099,0.6100688740829627
488,0.8219230769230769,0.6900468327285838,0.8562739247556951,0.7731603787421394,0.6104420515197168
489,0.8217032967032967,0.6896648293329981,0.8560542466483384,0.7728595379906682,0.6099509946587701
490,0.8217032967032967,0.6894016714382613,0.8561236910927829,0.7727626812655221,0.6098458628138008
491,0.8217032967032967,0.6894016714382613,0.8561236910927829,0.7727626812655221,0.6098458628138008
492,0.8217032967032967,0.6894016714382613,0.8561246042097074,0.7727631378239843,0.6098413312829536
493,0.8217032967032967,0.6891385135435244,0.8561931355372272,0.7726658245403758,0.6097489726747166
494,0.8217032967032967,0.6891385135435244,0.856189734176683,0.7726641238601037,0.6097521247629751
495,0.8215934065934066,0.6891385135435244,0.8560545928718389,0.7725965532076816,0.6095994450839797
496,0.8214835164835165,0.688805180210191,0.8559850645244667,0.7723951223673289,0.6093063824780397
497,0.8215384615384616,0.688805180210191,0.8560545089689111,0.7724298445895511,0.6093713013294754
498,0.8214835164835165,0.6900433011500129,0.8557070932066018,0.7728751971783073,0.6097848843542857
499,0.8214835164835165,0.6900433011500129,0.8557084356086063,0.7728758683793097,0.6097693986919503
500,0.8214285714285714,0.6900433011500129,0.8556408680410388,0.7728420845955258,0.6097031535850549
501,0.8213736263736263,0.6900433011500129,0.8555728408301544,0.7728080709900836,0.6096308861957144
502,0.8214835164835165,0.6898787671727022,0.8557738266036495,0.772826296888176,0.609788629992622
503,0.8214835164835165,0.6898787671727022,0.855780518996919,0.7728296430848106,0.6097809192824029
504,0.8216483516483516,0.6901490374429725,0.8559050896879251,0.7730270635654488,0.61011521182602
505,0.8219230769230769,0.6884905901803207,0.8565771762704323,0.7725338832253765,0.6099027501024299
506,0.8218681318681319,0.688734492619345,0.8564412261989983,0.7725878594091717,0.6099120074549346
507,0.8218131868131868,0.6888001576950908,0.8563741635408026,0.7725871606179467,0.6098938903601548
508,0.8217582417582417,0.6888001576950908,0.856291398583937,0.7725457781395139,0.6098428494909479
509,0.8214835164835165,0.687584471420581,0.8562303787541607,0.7719074250873709,0.6090356879949634
510,0.821098901098901,0.6869916205051495,0.8558812919031782,0.7714364562041638,0.6082842947252434
511,0.821098901098901,0.6865568378964538,0.8560153245372109,0.7712860812168323,0.6081799085465068
512,0.820989010989011,0.6865568378964538,0.8558729306991648,0.7712148842978093,0.6080364288378097
513,0.8211538461538461,0.6867615780799851,0.8560172547594533,0.7713894164197193,0.6082801996552608
514,0.8212087912087912,0.6869686462311322,0.8560177789063261,0.7714932125687292,0.6084308537068568
515,0.8212087912087912,0.6869686462311322,0.8560242964808722,0.7714964713560022,0.6084252227901417
516,0.8211538461538461,0.6869686462311322,0.8559452913567367,0.7714569687939344,0.6083745270514127
517,0.8210439560439561,0.6865338636224365,0.8559483106804082,0.7712410871514224,0.6081087906423392
518,0.8208791208791208,0.6860508273947195,0.8558734844099297,0.7709621559023246,0.6077451542244354
519,0.8209340659340659,0.685993323081896,0.8559410214789522,0.7709671722804241,0.6077915518244144
520,0.8206593406593407,0.6859665851139816,0.8556692865908785,0.77081793585243,0.6073502967752493
521,0.82,0.6823699159421811,0.8558013478973474,0.7690856319197643,0.6052018657715267
522,0.819945054945055,0.6823699159421811,0.8557294054513043,0.7690496606967427,0.6051194687677813
523,0.82,0.682575106080322,0.8557264018409972,0.7691507539606596,0.6052434099695285
524,0.819945054945055,0.682575106080322,0.8556583746301129,0.7691167403552174,0.6051716396346003
525,0.819945054945055,0.6823478333530493,0.8557264018409972,0.7690371175970232,0.6050911003565447
526,0.82,0.6820846754583124,0.8558729165896041,0.7689787960239582,0.6050777394896724
527,0.820054945054945,0.6821590802202172,0.8559449014305169,0.769051990825367,0.6051664144635215
528,0.8201648351648352,0.6821590802202172,0.856073490475239,0.769116285347728,0.6053208960408728
529,0.8197252747252747,0.6808246646358016,0.8558605007152686,0.7683425826755351,0.6042706867433565
530,0.8197252747252747,0.6813603789215159,0.8557176144119415,0.7685389966667286,0.6045134960796242
531,0.8197802197802198,0.6810746646358016,0.8558510833349755,0.7684628739853885,0.6044821976310155
532,0.8196703296703297,0.6813876516487886,0.8556470571923325,0.7685173544205606,0.6044730284153441
533,0.8197252747252747,0.6816004176062355,0.8556470571923325,0.7686237373992839,0.6046202934924829
534,0.8198351648351648,0.6813440073498251,0.8558541707653794,0.7685990890576023,0.604651851291707
535,0.8196153846153846,0.6808501049108008,0.8557190109480278,0.7682845579294143,0.6041765980129001
536,0.8198901098901099,0.6808143906250865,0.85606936541712,0.7684418780211032,0.604560023450553
537,0.8194505494505494,0.680251675417052,0.8556693620934158,0.7679605187552339,0.6038245793373915
538,0.8189010989010989,0.679376675417052,0.855212606360691,0.7672946408888714,0.6027822907400202
539,0.8189010989010989,0.679376675417052,0.855212606360691,0.7672946408888714,0.6027822907400202
540,0.8187362637362637,0.6779608943108685,0.85534784255307,0.7666543684319692,0.6021086162091073
541,0.8186813186813187,0.6776906240405982,0.8553460405077485,0.7665183322741733,0.6019442552424505
542,0.8186813186813187,0.6774467216015738,0.8554140677186329,0.7664303946601033,0.6018584141172836
543,0.8187362637362637,0.6774467216015738,0.8554860101646761,0.7664663658831249,0.6019318787073511
544,0.8187912087912088,0.6776906240405982,0.8554816352862005,0.7665861296633993,0.6020838055655451
545,0.8183516483516483,0.6766447400999774,0.8551953549138377,0.7659200475069076,0.6011488163931878
546,0.8182967032967033,0.676400837660953,0.8551958145571544,0.7657983261090537,0.6009898491157273
547,0.8176373626373626,0.6742906170768506,0.8549322237912376,0.7646114204340441,0.599319670302692
548,0.8176923076923077,0.6745847347239095,0.8549283085560788,0.7647565216399941,0.5995144462440228
549,0.8178571428571428,0.6749945347343547,0.8550078950724505,0.7650012149034026,0.5999186112196017
550,0.8178571428571428,0.6753070347343546,0.8549404213718073,0.7651237280530809,0.6000182268349651
551,0.8178571428571428,0.6753070347343546,0.8549404213718073,0.7651237280530809,0.6000182268349651
552,0.8178571428571428,0.6753070347343546,0.8549404213718073,0.7651237280530809,0.6000182268349651
553,0.8179120879120879,0.6753070347343546,0.8550041156393232,0.765155575186839,0.6001047652965035
554,0.8178571428571428,0.6753070347343546,0.8549404213718073,0.7651237280530809,0.6000182268349651
555,0.8178571428571428,0.6753070347343546,0.8549404213718073,0.7651237280530809,0.6000182268349651
556,0.8178571428571428,0.6753070347343546,0.8549404213718073,0.7651237280530809,0.6000182268349651
557,0.8178571428571428,0.6753070347343546,0.8549404213718073,0.7651237280530809,0.6000182268349651
558,0.8178571428571428,0.6753070347343546,0.8549404213718073,0.7651237280530809,0.6000182268349651
559,0.8175274725274725,0.6747690146482714,0.8546649924356641,0.7647170035419678,0.5993783354367032
560,0.8176373626373626,0.6750129170872958,0.8547330196465485,0.7648729683669221,0.5996069357634529
561,0.8176373626373626,0.6750129170872958,0.8547330196465485,0.7648729683669221,0.5996069357634529
562,0.8175824175824176,0.6747690146482714,0.8547330196465485,0.7647510171474099,0.5994511645683559
563,0.8176923076923077,0.6750129170872958,0.8548010468574327,0.7649069819723643,0.5996787060983811
564,0.8176373626373626,0.6750129170872958,0.8547330196465485,0.7648729683669221,0.5996069357634529
565,0.8176373626373626,0.6750129170872958,0.8547330196465485,0.7648729683669221,0.5996069357634529
566,0.8175824175824176,0.6747690146482714,0.8547330196465485,0.7647510171474099,0.5994511645683559
567,0.8176923076923077,0.6750129170872958,0.8547967139140643,0.7649048155006801,0.5996934742249914
568,0.8176373626373626,0.6750129170872958,0.8547330196465485,0.7648729683669221,0.5996069357634529
569,0.8176373626373626,0.6750129170872958,0.8547330196465485,0.7648729683669221,0.5996069357634529
570,0.8175824175824176,0.6747690146482714,0.8547330196465485,0.7647510171474099,0.5994511645683559
571,0.8176923076923077,0.6750129170872958,0.8548010468574327,0.7649069819723643,0.5996787060983811
572,0.8176373626373626,0.6750129170872958,0.8547330196465485,0.7648729683669221,0.5996069357634529
573,0.8176373626373626,0.6750129170872958,0.8547330196465485,0.7648729683669221,0.5996069357634529
574,0.8175824175824176,0.6747690146482714,0.8547330196465485,0.7647510171474099,0.5994511645683559
575,0.8176373626373626,0.6750129170872958,0.8547330196465485,0.7648729683669221,0.5996069357634529
576,0.8176373626373626,0.6750129170872958,0.8547330196465485,0.7648729683669221,0.5996069357634529
577,0.8176373626373626,0.6747690146482714,0.8548010468574327,0.7647850307528521,0.5995229349032841
578,0.8175824175824176,0.6747690146482714,0.8547330196465485,0.7647510171474099,0.5994511645683559
579,0.8176923076923077,0.6750129170872958,0.8547967139140643,0.7649048155006801,0.5996934742249914
580,0.8176373626373626,0.6750129170872958,0.8547330196465485,0.7648729683669221,0.5996069357634529
581,0.8176373626373626,0.6747690146482714,0.8548010468574327,0.7647850307528521,0.5995229349032841
582,0.8175824175824176,0.6747690146482714,0.8547330196465485,0.7647510171474099,0.5994511645683559
583,0.8176373626373626,0.6750129170872958,0.8547330196465485,0.7648729683669221,0.5996069357634529
584,0.8176373626373626,0.6750129170872958,0.8547330196465485,0.7648729683669221,0.5996069357634529
585,0.8176373626373626,0.6747690146482714,0.8548010468574327,0.7647850307528521,0.5995229349032841
586,0.8175824175824176,0.6747690146482714,0.8547330196465485,0.7647510171474099,0.5994511645683559
587,0.8176923076923077,0.6750129170872958,0.8547967139140643,0.7649048155006801,0.5996934742249914
588,0.8176373626373626,0.6750129170872958,0.8547330196465485,0.7648729683669221,0.5996069357634529
589,0.8176373626373626,0.6747690146482714,0.8548010468574327,0.7647850307528521,0.5995229349032841
590,0.8175824175824176,0.6747690146482714,0.8547330196465485,0.7647510171474099,0.5994511645683559
591,0.8176373626373626,0.6750129170872958,0.8547330196465485,0.7648729683669221,0.5996069357634529
592,0.8176373626373626,0.6750129170872958,0.8547330196465485,0.7648729683669221,0.5996069357634529
593,0.8176373626373626,0.6747690146482714,0.8548010468574327,0.7647850307528521,0.5995229349032841
594,0.8175824175824176,0.6747690146482714,0.8547330196465485,0.7647510171474099,0.5994511645683559
595,0.8176923076923077,0.6750129170872958,0.8547967139140643,0.7649048155006801,0.5996934742249914
596,0.8176373626373626,0.6750129170872958,0.8547330196465485,0.7648729683669221,0.5996069357634529
597,0.8176373626373626,0.6747690146482714,0.8548010468574327,0.7647850307528521,0.5995229349032841
598,0.8175824175824176,0.6747690146482714,0.8547330196465485,0.7647510171474099,0.5994511645683559
599,0.8176373626373626,0.6750129170872958,0.8547330196465485,0.7648729683669221,0.5996069357634529
600,0.8176373626373626,0.6750129170872958,0.8547330196465485,0.7648729683669221,0.5996069357634529
601,0.8176373626373626,0.6747690146482714,0.8548010468574327,0.7647850307528521,0.5995229349032841
602,0.8175824175824176,0.6747690146482714,0.8547330196465485,0.7647510171474099,0.5994511645683559
603,0.8176923076923077,0.6750129170872958,0.8547967139140643,0.7649048155006801,0.5996934742249914
604,0.8176373626373626,0.6750129170872958,0.8547330196465485,0.7648729683669221,0.5996069357634529
605,0.8176373626373626,0.6747690146482714,0.8548010468574327,0.7647850307528521,0.5995229349032841
606,0.8175824175824176,0.6747690146482714,0.8547330196465485,0.7647510171474099,0.5994511645683559
607,0.8176373626373626,0.6750129170872958,0.8547330196465485,0.7648729683669221,0.5996069357634529
608,0.8176373626373626,0.6750129170872958,0.8547330196465485,0.7648729683669221,0.5996069357634529
609,0.8176373626373626,0.6747690146482714,0.8548010468574327,0.7647850307528521,0.5995229349032841
610,0.8175824175824176,0.6747690146482714,0.8547330196465485,0.7647510171474099,0.5994511645683559
611,0.8176923076923077,0.6750129170872958,0.8547967139140643,0.7649048155006801,0.5996934742249914
612,0.8176373626373626,0.6750129170872958,0.8547330196465485,0.7648729683669221,0.5996069357634529
613,0.8176373626373626,0.6747690146482714,0.8548010468574327,0.7647850307528521,0.5995229349032841
614,0.8175824175824176,0.6747690146482714,0.8547330196465485,0.7647510171474099,0.5994511645683559
615,0.8176373626373626,0.6750129170872958,0.8547330196465485,0.7648729683669221,0.5996069357634529
616,0.8176373626373626,0.6750129170872958,0.8547330196465485,0.7648729683669221,0.5996069357634529
617,0.8176373626373626,0.6747690146482714,0.8548010468574327,0.7647850307528521,0.5995229349032841
618,0.8175824175824176,0.6747690146482714,0.8547330196465485,0.7647510171474099,0.5994511645683559
619,0.8176923076923077,0.6750129170872958,0.8547967139140643,0.7649048155006801,0.5996934742249914
620,0.8176373626373626,0.6750129170872958,0.8547330196465485,0.7648729683669221,0.5996069357634529
621,0.8176373626373626,0.6747690146482714,0.8548010468574327,0.7647850307528521,0.5995229349032841
622,0.8175824175824176,0.6747690146482714,0.8547330196465485,0.7647510171474099,0.5994511645683559
623,0.8176373626373626,0.6750129170872958,0.8547330196465485,0.7648729683669221,0.5996069357634529
624,0.8176373626373626,0.6750129170872958,0.8547330196465485,0.7648729683669221,0.5996069357634529
625,0.8176373626373626,0.6747690146482714,0.8548010468574327,0.7647850307528521,0.5995229349032841
626,0.8175824175824176,0.6747690146482714,0.8547330196465485,0.7647510171474099,0.5994511645683559
627,0.8176923076923077,0.6750129170872958,0.8547967139140643,0.7649048155006801,0.5996934742249914
628,0.8176373626373626,0.6750129170872958,0.8547330196465485,0.7648729683669221,0.5996069357634529
629,0.8176373626373626,0.6747690146482714,0.8548010468574327,0.7647850307528521,0.5995229349032841
630,0.8175824175824176,0.6747690146482714,0.8547330196465485,0.7647510171474099,0.5994511645683559
631,0.8176373626373626,0.6750129170872958,0.8547330196465485,0.7648729683669221,0.5996069357634529
632,0.8176373626373626,0.6750129170872958,0.8547330196465485,0.7648729683669221,0.5996069357634529
633,0.8176373626373626,0.6747690146482714,0.8548010468574327,0.7647850307528521,0.5995229349032841
634,0.8175824175824176,0.6747690146482714,0.8547330196465485,0.7647510171474099,0.5994511645683559
635,0.8176923076923077,0.6750129170872958,0.8547967139140643,0.7649048155006801,0.5996934742249914
636,0.8176373626373626,0.6750129170872958,0.8547330196465485,0.7648729683669221,0.5996069357634529
637,0.8176373626373626,0.6747690146482714,0.8548010468574327,0.7647850307528521,0.5995229349032841
638,0.8175824175824176,0.6747690146482714,0.8547330196465485,0.7647510171474099,0.5994511645683559
639,0.8176373626373626,0.6750129170872958,0.8547330196465485,0.7648729683669221,0.5996069357634529
640,0.8176373626373626,0.6750129170872958,0.8547330196465485,0.7648729683669221,0.5996069357634529
641,0.8176373626373626,0.6747690146482714,0.8548010468574327,0.7647850307528521,0.5995229349032841
642,0.8175824175824176,0.6747690146482714,0.8547330196465485,0.7647510171474099,0.5994511645683559
643,0.8176923076923077,0.6750129170872958,0.8547967139140643,0.7649048155006801,0.5996934742249914
644,0.8176373626373626,0.6750129170872958,0.8547330196465485,0.7648729683669221,0.5996069357634529
645,0.8176373626373626,0.6747690146482714,0.8548010468574327,0.7647850307528521,0.5995229349032841
646,0.8175824175824176,0.6747690146482714,0.8547330196465485,0.7647510171474099,0.5994511645683559
647,0.8176373626373626,0.6750129170872958,0.8547330196465485,0.7648729683669221,0.5996069357634529
648,0.8176373626373626,0.6750129170872958,0.8547330196465485,0.7648729683669221,0.5996069357634529
649,0.8176373626373626,0.6747690146482714,0.8548010468574327,0.7647850307528521,0.5995229349032841
650,0.8175824175824176,0.6747690146482714,0.8547330196465485,0.7647510171474099,0.5994511645683559
651,0.8176923076923077,0.6750129170872958,0.8547967139140643,0.7649048155006801,0.5996934742249914
652,0.8176373626373626,0.6750129170872958,0.8547330196465485,0.7648729683669221,0.5996069357634529
653,0.8176373626373626,0.6747690146482714,0.8548010468574327,0.7647850307528521,0.5995229349032841
654,0.8175824175824176,0.6747690146482714,0.8547330196465485,0.7647510171474099,0.5994511645683559
655,0.8176373626373626,0.6750129170872958,0.8547330196465485,0.7648729683669221,0.5996069357634529
656,0.8176373626373626,0.6750129170872958,0.8547330196465485,0.7648729683669221,0.5996069357634529
657,0.8176373626373626,0.6747690146482714,0.8548010468574327,0.7647850307528521,0.5995229349032841
658,0.8175824175824176,0.6747690146482714,0.8547330196465485,0.7647510171474099,0.5994511645683559
659,0.8176923076923077,0.6750129170872958,0.8547967139140643,0.7649048155006801,0.5996934742249914
660,0.8176373626373626,0.6750129170872958,0.8547330196465485,0.7648729683669221,0.5996069357634529
661,0.8176373626373626,0.6747690146482714,0.8548010468574327,0.7647850307528521,0.5995229349032841
662,0.8175824175824176,0.6747690146482714,0.8547330196465485,0.7647510171474099,0.5994511645683559
663,0.8176373626373626,0.6750129170872958,0.8547330196465485,0.7648729683669221,0.5996069357634529
664,0.8176373626373626,0.6750129170872958,0.8547330196465485,0.7648729683669221,0.5996069357634529
665,0.8176373626373626,0.6747690146482714,0.8548010468574327,0.7647850307528521,0.5995229349032841
666,0.8175824175824176,0.6747690146482714,0.8547330196465485,0.7647510171474099,0.5994511645683559
667,0.8176923076923077,0.6750129170872958,0.8547967139140643,0.7649048155006801,0.5996934742249914
668,0.8176373626373626,0.6750129170872958,0.8547330196465485,0.7648729683669221,0.5996069357634529
669,0.8176373626373626,0.6747690146482714,0.8548010468574327,0.7647850307528521,0.5995229349032841
670,0.8175824175824176,0.6747690146482714,0.8547330196465485,0.7647510171474099,0.5994511645683559
671,0.8176373626373626,0.6750129170872958,0.8547330196465485,0.7648729683669221,0.5996069357634529
672,0.8176373626373626,0.6750129170872958,0.8547330196465485,0.7648729683669221,0.5996069357634529
673,0.8176373626373626,0.6747690146482714,0.8548010468574327,0.7647850307528521,0.5995229349032841
674,0.8175824175824176,0.6747690146482714,0.8547330196465485,0.7647510171474099,0.5994511645683559
675,0.8176923076923077,0.6750129170872958,0.8547967139140643,0.7649048155006801,0.5996934742249914
676,0.8176373626373626,0.6750129170872958,0.8547330196465485,0.7648729683669221,0.5996069357634529
677,0.8176373626373626,0.6747690146482714,0.8548010468574327,0.7647850307528521,0.5995229349032841
678,0.8175824175824176,0.6747690146482714,0.8547330196465485,0.7647510171474099,0.5994511645683559
679,0.8176373626373626,0.6750129170872958,0.8547330196465485,0.7648729683669221,0.5996069357634529
680,0.8176373626373626,0.6750129170872958,0.8547330196465485,0.7648729683669221,0.5996069357634529
681,0.8176373626373626,0.6747690146482714,0.8548010468574327,0.7647850307528521,0.5995229349032841
682,0.8175824175824176,0.6747690146482714,0.8547330196465485,0.7647510171474099,0.5994511645683559
683,0.8176923076923077,0.6750129170872958,0.8547967139140643,0.7649048155006801,0.5996934742249914
684,0.8176373626373626,0.6750129170872958,0.8547330196465485,0.7648729683669221,0.5996069357634529
685,0.8176373626373626,0.6747690146482714,0.8548010468574327,0.7647850307528521,0.5995229349032841
686,0.8175824175824176,0.6747690146482714,0.8547330196465485,0.7647510171474099,0.5994511645683559
687,0.8176373626373626,0.6750129170872958,0.8547330196465485,0.7648729683669221,0.5996069357634529
688,0.8176373626373626,0.6750129170872958,0.8547330196465485,0.7648729683669221,0.5996069357634529
689,0.8176373626373626,0.6747690146482714,0.8548010468574327,0.7647850307528521,0.5995229349032841
690,0.8175824175824176,0.6747690146482714,0.8547330196465485,0.7647510171474099,0.5994511645683559
691,0.8176923076923077,0.6750129170872958,0.8547967139140643,0.7649048155006801,0.5996934742249914
692,0.8176373626373626,0.6750129170872958,0.8547330196465485,0.7648729683669221,0.5996069357634529
693,0.8176373626373626,0.6747690146482714,0.8548010468574327,0.7647850307528521,0.5995229349032841
694,0.8175824175824176,0.6747690146482714,0.8547330196465485,0.7647510171474099,0.5994511645683559
695,0.8176373626373626,0.6750129170872958,0.8547330196465485,0.7648729683669221,0.5996069357634529
696,0.8176373626373626,0.6750129170872958,0.8547330196465485,0.7648729683669221,0.5996069357634529
697,0.8176373626373626,0.6747690146482714,0.8548010468574327,0.7647850307528521,0.5995229349032841
698,0.8175824175824176,0.6747690146482714,0.8547330196465485,0.7647510171474099,0.5994511645683559
699,0.8176923076923077,0.6750129170872958,0.8547967139140643,0.7649048155006801,0.5996934742249914
700,0.8176373626373626,0.6750129170872958,0.8547330196465485,0.7648729683669221,0.5996069357634529
701,0.8176373626373626,0.6747690146482714,0.8548010468574327,0.7647850307528521,0.5995229349032841
702,0.8175824175824176,0.6747690146482714,0.8547330196465485,0.7647510171474099,0.5994511645683559
703,0.8176373626373626,0.6750129170872958,0.8547330196465485,0.7648729683669221,0.5996069357634529
704,0.8176373626373626,0.6750129170872958,0.8547330196465485,0.7648729683669221,0.5996069357634529
705,0.8176373626373626,0.6747690146482714,0.8548010468574327,0.7647850307528521,0.5995229349032841
706,0.8175824175824176,0.6747690146482714,0.8547330196465485,0.7647510171474099,0.5994511645683559
707,0.8176923076923077,0.6750129170872958,0.8547967139140643,0.7649048155006801,0.5996934742249914
708,0.8176373626373626,0.6750129170872958,0.8547330196465485,0.7648729683669221,0.5996069357634529
709,0.8176373626373626,0.6747690146482714,0.8548010468574327,0.7647850307528521,0.5995229349032841
710,0.8175824175824176,0.6747690146482714,0.8547330196465485,0.7647510171474099,0.5994511645683559
711,0.8176373626373626,0.6750129170872958,0.8547330196465485,0.7648729683669221,0.5996069357634529
712,0.8176373626373626,0.6750129170872958,0.8547330196465485,0.7648729683669221,0.5996069357634529
713,0.8176373626373626,0.6747690146482714,0.8548010468574327,0.7647850307528521,0.5995229349032841
714,0.8175824175824176,0.6747690146482714,0.8547330196465485,0.7647510171474099,0.5994511645683559
715,0.8176923076923077,0.6750129170872958,0.8547967139140643,0.7649048155006801,0.5996934742249914
716,0.8176373626373626,0.6750129170872958,0.8547330196465485,0.7648729683669221,0.5996069357634529
717,0.8176373626373626,0.6747690146482714,0.8548010468574327,0.7647850307528521,0.5995229349032841
718,0.8175824175824176,0.6747690146482714,0.8547330196465485,0.7647510171474099,0.5994511645683559
719,0.8176373626373626,0.6750129170872958,0.8547330196465485,0.7648729683669221,0.5996069357634529
720,0.8176373626373626,0.6750129170872958,0.8547330196465485,0.7648729683669221,0.5996069357634529
721,0.8176373626373626,0.6747690146482714,0.8548010468574327,0.7647850307528521,0.5995229349032841
722,0.8175824175824176,0.6747690146482714,0.8547330196465485,0.7647510171474099,0.5994511645683559
723,0.8176923076923077,0.6750129170872958,0.8547967139140643,0.7649048155006801,0.5996934742249914
724,0.8176373626373626,0.6750129170872958,0.8547330196465485,0.7648729683669221,0.5996069357634529
725,0.8176373626373626,0.6747690146482714,0.8548010468574327,0.7647850307528521,0.5995229349032841
726,0.8175824175824176,0.6747690146482714,0.8547330196465485,0.7647510171474099,0.5994511645683559
727,0.8176373626373626,0.6750129170872958,0.8547330196465485,0.7648729683669221,0.5996069357634529
728,0.8176373626373626,0.6750129170872958,0.8547330196465485,0.7648729683669221,0.5996069357634529
729,0.8176373626373626,0.6747690146482714,0.8548010468574327,0.7647850307528521,0.5995229349032841
730,0.8175824175824176,0.6747690146482714,0.8547330196465485,0.7647510171474099,0.5994511645683559
731,0.8176923076923077,0.6750129170872958,0.8547967139140643,0.7649048155006801,0.5996934742249914
732,0.8176373626373626,0.6750129170872958,0.8547330196465485,0.7648729683669221,0.5996069357634529
733,0.8176373626373626,0.6747690146482714,0.8548010468574327,0.7647850307528521,0.5995229349032841
734,0.8175824175824176,0.6747690146482714,0.8547330196465485,0.7647510171474099,0.5994511645683559
735,0.8176373626373626,0.6750129170872958,0.8547330196465485,0.7648729683669221,0.5996069357634529
736,0.8176373626373626,0.6750129170872958,0.8547330196465485,0.7648729683669221,0.5996069357634529
737,0.8176373626373626,0.6747690146482714,0.8548010468574327,0.7647850307528521,0.5995229349032841
738,0.8175824175824176,0.6747690146482714,0.8547330196465485,0.7647510171474099,0.5994511645683559
739,0.8176923076923077,0.6750129170872958,0.8547967139140643,0.7649048155006801,0.5996934742249914
740,0.8176373626373626,0.6750129170872958,0.8547330196465485,0.7648729683669221,0.5996069357634529
741,0.8176373626373626,0.6747690146482714,0.8548010468574327,0.7647850307528521,0.5995229349032841
742,0.8175824175824176,0.6747690146482714,0.8547330196465485,0.7647510171474099,0.5994511645683559
743,0.8176373626373626,0.6750129170872958,0.8547330196465485,0.7648729683669221,0.5996069357634529
744,0.8176373626373626,0.6750129170872958,0.8547330196465485,0.7648729683669221,0.5996069357634529
745,0.8176373626373626,0.6747690146482714,0.8548010468574327,0.7647850307528521,0.5995229349032841
746,0.8175824175824176,0.6747690146482714,0.8547330196465485,0.7647510171474099,0.5994511645683559
747,0.8176923076923077,0.6750129170872958,0.8547967139140643,0.7649048155006801,0.5996934742249914
748,0.8176373626373626,0.6750129170872958,0.8547330196465485,0.7648729683669221,0.5996069357634529
749,0.8176373626373626,0.6747690146482714,0.8548010468574327,0.7647850307528521,0.5995229349032841
750,0.8175824175824176,0.6747690146482714,0.8547330196465485,0.7647510171474099,0.5994511645683559
751,0.8176373626373626,0.6750129170872958,0.8547330196465485,0.7648729683669221,0.5996069357634529
752,0.8176373626373626,0.6750129170872958,0.8547330196465485,0.7648729683669221,0.5996069357634529
753,0.8176373626373626,0.6747690146482714,0.8548010468574327,0.7647850307528521,0.5995229349032841
754,0.8175824175824176,0.6747690146482714,0.8547330196465485,0.7647510171474099,0.5994511645683559
755,0.8176923076923077,0.6750129170872958,0.8547967139140643,0.7649048155006801,0.5996934742249914
756,0.8176373626373626,0.6750129170872958,0.8547330196465485,0.7648729683669221,0.5996069357634529
757,0.8176373626373626,0.6747690146482714,0.8548010468574327,0.7647850307528521,0.5995229349032841
758,0.8175824175824176,0.6747690146482714,0.8547330196465485,0.7647510171474099,0.5994511645683559
759,0.8176373626373626,0.6750129170872958,0.8547330196465485,0.7648729683669221,0.5996069357634529
760,0.8176373626373626,0.6750129170872958,0.8547330196465485,0.7648729683669221,0.5996069357634529
761,0.8176373626373626,0.6747690146482714,0.8548010468574327,0.7647850307528521,0.5995229349032841
762,0.8175824175824176,0.6747690146482714,0.8547330196465485,0.7647510171474099,0.5994511645683559
763,0.8176923076923077,0.6750129170872958,0.8547967139140643,0.7649048155006801,0.5996934742249914
764,0.8176373626373626,0.6750129170872958,0.8547330196465485,0.7648729683669221,0.5996069357634529
765,0.8176373626373626,0.6747690146482714,0.8548010468574327,0.7647850307528521,0.5995229349032841
766,0.8175824175824176,0.6747690146482714,0.8547330196465485,0.7647510171474099,0.5994511645683559
767,0.8176373626373626,0.6750129170872958,0.8547330196465485,0.7648729683669221,0.5996069357634529
768,0.8176373626373626,0.6750129170872958,0.8547330196465485,0.7648729683669221,0.5996069357634529
769,0.8176373626373626,0.6747690146482714,0.8548010468574327,0.7647850307528521,0.5995229349032841
770,0.8175824175824176,0.6747690146482714,0.8547330196465485,0.7647510171474099,0.5994511645683559
771,0.8176923076923077,0.6750129170872958,0.8547967139140643,0.7649048155006801,0.5996934742249914
772,0.8176373626373626,0.6750129170872958,0.8547330196465485,0.7648729683669221,0.5996069357634529
773,0.8176373626373626,0.6747690146482714,0.8548010468574327,0.7647850307528521,0.5995229349032841
774,0.8175824175824176,0.6747690146482714,0.8547330196465485,0.7647510171474099,0.5994511645683559
775,0.8176373626373626,0.6750129170872958,0.8547330196465485,0.7648729683669221,0.5996069357634529
776,0.8176373626373626,0.6750129170872958,0.8547330196465485,0.7648729683669221,0.5996069357634529
777,0.8176373626373626,0.6747690146482714,0.8548010468574327,0.7647850307528521,0.5995229349032841
778,0.8175824175824176,0.6747690146482714,0.8547330196465485,0.7647510171474099,0.5994511645683559
779,0.8176923076923077,0.6750129170872958,0.8547967139140643,0.7649048155006801,0.5996934742249914
780,0.8176373626373626,0.6750129170872958,0.8547330196465485,0.7648729683669221,0.5996069357634529
781,0.8176373626373626,0.6747690146482714,0.8548010468574327,0.7647850307528521,0.5995229349032841
782,0.8175824175824176,0.6747690146482714,0.8547330196465485,0.7647510171474099,0.5994511645683559
783,0.8176373626373626,0.6750129170872958,0.8547330196465485,0.7648729683669221,0.5996069357634529
784,0.8176373626373626,0.6750129170872958,0.8547330196465485,0.7648729683669221,0.5996069357634529
785,0.8176373626373626,0.6747690146482714,0.8548010468574327,0.7647850307528521,0.5995229349032841
786,0.8175824175824176,0.6747690146482714,0.8547330196465485,0.7647510171474099,0.5994511645683559
787,0.8176923076923077,0.6750129170872958,0.8547967139140643,0.7649048155006801,0.5996934742249914
788,0.8176373626373626,0.6750129170872958,0.8547330196465485,0.7648729683669221,0.5996069357634529
789,0.8176373626373626,0.6747690146482714,0.8548010468574327,0.7647850307528521,0.5995229349032841
790,0.8175824175824176,0.6747690146482714,0.8547330196465485,0.7647510171474099,0.5994511645683559
791,0.8176373626373626,0.6750129170872958,0.8547330196465485,0.7648729683669221,0.5996069357634529
792,0.8176373626373626,0.6750129170872958,0.8547330196465485,0.7648729683669221,0.5996069357634529
793,0.8176373626373626,0.6747690146482714,0.8548010468574327,0.7647850307528521,0.5995229349032841
794,0.8175824175824176,0.6747690146482714,0.8547330196465485,0.7647510171474099,0.5994511645683559
795,0.8176923076923077,0.6750129170872958,0.8547967139140643,0.7649048155006801,0.5996934742249914
796,0.8176373626373626,0.6750129170872958,0.8547330196465485,0.7648729683669221,0.5996069357634529
797,0.8176373626373626,0.6747690146482714,0.8548010468574327,0.7647850307528521,0.5995229349032841
798,0.8175824175824176,0.6747690146482714,0.8547330196465485,0.7647510171474099,0.5994511645683559
799,0.8176373626373626,0.6750129170872958,0.8547330196465485,0.7648729683669221,0.5996069357634529
800,0.8176373626373626,0.6750129170872958,0.8547330196465485,0.7648729683669221,0.5996069357634529
801,0.8176373626373626,0.6747690146482714,0.8548010468574327,0.7647850307528521,0.5995229349032841
802,0.8175824175824176,0.6747690146482714,0.8547330196465485,0.7647510171474099,0.5994511645683559
803,0.8176923076923077,0.6750129170872958,0.8547967139140643,0.7649048155006801,0.5996934742249914
804,0.8176373626373626,0.6750129170872958,0.8547330196465485,0.7648729683669221,0.5996069357634529
805,0.8176373626373626,0.6747690146482714,0.8548010468574327,0.7647850307528521,0.5995229349032841
806,0.8175824175824176,0.6747690146482714,0.8547330196465485,0.7647510171474099,0.5994511645683559
807,0.8176373626373626,0.6750129170872958,0.8547330196465485,0.7648729683669221,0.5996069357634529
808,0.8176373626373626,0.6750129170872958,0.8547330196465485,0.7648729683669221,0.5996069357634529
809,0.8176373626373626,0.6747690146482714,0.8548010468574327,0.7647850307528521,0.5995229349032841
810,0.8175824175824176,0.6747690146482714,0.8547330196465485,0.7647510171474099,0.5994511645683559
811,0.8176923076923077,0.6750129170872958,0.8547967139140643,0.7649048155006801,0.5996934742249914
812,0.8176373626373626,0.6750129170872958,0.8547330196465485,0.7648729683669221,0.5996069357634529
813,0.8176373626373626,0.6747690146482714,0.8548010468574327,0.7647850307528521,0.5995229349032841
814,0.8175824175824176,0.6747690146482714,0.8547330196465485,0.7647510171474099,0.5994511645683559
815,0.8176373626373626,0.6750129170872958,0.8547330196465485,0.7648729683669221,0.5996069357634529
816,0.8176373626373626,0.6750129170872958,0.8547330196465485,0.7648729683669221,0.5996069357634529
817,0.8176373626373626,0.6747690146482714,0.8548010468574327,0.7647850307528521,0.5995229349032841
818,0.8175824175824176,0.6747690146482714,0.8547330196465485,0.7647510171474099,0.5994511645683559
819,0.8176923076923077,0.6750129170872958,0.8547967139140643,0.7649048155006801,0.5996934742249914
820,0.8176373626373626,0.6750129170872958,0.8547330196465485,0.7648729683669221,0.5996069357634529
821,0.8176373626373626,0.6747690146482714,0.8548010468574327,0.7647850307528521,0.5995229349032841
822,0.8175824175824176,0.6747690146482714,0.8547330196465485,0.7647510171474099,0.5994511645683559
823,0.8176373626373626,0.6750129170872958,0.8547330196465485,0.7648729683669221,0.5996069357634529
824,0.8176373626373626,0.6750129170872958,0.8547330196465485,0.7648729683669221,0.5996069357634529
825,0.8176373626373626,0.6747690146482714,0.8548010468574327,0.7647850307528521,0.5995229349032841
826,0.8175824175824176,0.6747690146482714,0.8547330196465485,0.7647510171474099,0.5994511645683559
827,0.8176923076923077,0.6750129170872958,0.8547967139140643,0.7649048155006801,0.5996934742249914
828,0.8176373626373626,0.6750129170872958,0.8547330196465485,0.7648729683669221,0.5996069357634529
829,0.8176373626373626,0.6747690146482714,0.8548010468574327,0.7647850307528521,0.5995229349032841
830,0.8175824175824176,0.6747690146482714,0.8547330196465485,0.7647510171474099,0.5994511645683559
831,0.8176373626373626,0.6750129170872958,0.8547330196465485,0.7648729683669221,0.5996069357634529
832,0.8176373626373626,0.6750129170872958,0.8547330196465485,0.7648729683669221,0.5996069357634529
833,0.8176373626373626,0.6747690146482714,0.8548010468574327,0.7647850307528521,0.5995229349032841
834,0.8175824175824176,0.6747690146482714,0.8547330196465485,0.7647510171474099,0.5994511645683559
835,0.8176923076923077,0.6750129170872958,0.8547967139140643,0.7649048155006801,0.5996934742249914
836,0.8176373626373626,0.6750129170872958,0.8547330196465485,0.7648729683669221,0.5996069357634529
837,0.8176373626373626,0.6747690146482714,0.8548010468574327,0.7647850307528521,0.5995229349032841
838,0.8175824175824176,0.6747690146482714,0.8547330196465485,0.7647510171474099,0.5994511645683559
839,0.8176373626373626,0.6750129170872958,0.8547330196465485,0.7648729683669221,0.5996069357634529
840,0.8176373626373626,0.6750129170872958,0.8547330196465485,0.7648729683669221,0.5996069357634529
841,0.8176373626373626,0.6747690146482714,0.8548010468574327,0.7647850307528521,0.5995229349032841
842,0.8175824175824176,0.6747690146482714,0.8547330196465485,0.7647510171474099,0.5994511645683559
843,0.8176923076923077,0.6750129170872958,0.8547967139140643,0.7649048155006801,0.5996934742249914
844,0.8176373626373626,0.6750129170872958,0.8547330196465485,0.7648729683669221,0.5996069357634529
845,0.8176373626373626,0.6747690146482714,0.8548010468574327,0.7647850307528521,0.5995229349032841
846,0.8175824175824176,0.6747690146482714,0.8547330196465485,0.7647510171474099,0.5994511645683559
847,0.8176373626373626,0.6750129170872958,0.8547330196465485,0.7648729683669221,0.5996069357634529
848,0.8176373626373626,0.6750129170872958,0.8547330196465485,0.7648729683669221,0.5996069357634529
849,0.8176373626373626,0.6747690146482714,0.8548010468574327,0.7647850307528521,0.5995229349032841
850,0.8175824175824176,0.6747690146482714,0.8547330196465485,0.7647510171474099,0.5994511645683559
851,0.8176923076923077,0.6750129170872958,0.8547967139140643,0.7649048155006801,0.5996934742249914
852,0.8176373626373626,0.6750129170872958,0.8547330196465485,0.7648729683669221,0.5996069357634529
853,0.8176373626373626,0.6747690146482714,0.8548010468574327,0.7647850307528521,0.5995229349032841
854,0.8175824175824176,0.6747690146482714,0.8547330196465485,0.7647510171474099,0.5994511645683559
855,0.8176373626373626,0.6750129170872958,0.8547330196465485,0.7648729683669221,0.5996069357634529
856,0.8176373626373626,0.6750129170872958,0.8547330196465485,0.7648729683669221,0.5996069357634529
857,0.8176373626373626,0.6747690146482714,0.8548010468574327,0.7647850307528521,0.5995229349032841
858,0.8175824175824176,0.6747690146482714,0.8547330196465485,0.7647510171474099,0.5994511645683559
859,0.8176923076923077,0.6750129170872958,0.8547967139140643,0.7649048155006801,0.5996934742249914
860,0.8176373626373626,0.6750129170872958,0.8547330196465485,0.7648729683669221,0.5996069357634529
861,0.8176373626373626,0.6747690146482714,0.8548010468574327,0.7647850307528521,0.5995229349032841
862,0.8175824175824176,0.6747690146482714,0.8547330196465485,0.7647510171474099,0.5994511645683559
863,0.8176373626373626,0.6750129170872958,0.8547330196465485,0.7648729683669221,0.5996069357634529
864,0.8176373626373626,0.6750129170872958,0.8547330196465485,0.7648729683669221,0.5996069357634529
865,0.8176373626373626,0.6747690146482714,0.8548010468574327,0.7647850307528521,0.5995229349032841
866,0.8175824175824176,0.6747690146482714,0.8547330196465485,0.7647510171474099,0.5994511645683559
867,0.8176923076923077,0.6750129170872958,0.8547967139140643,0.7649048155006801,0.5996934742249914
868,0.8176373626373626,0.6750129170872958,0.8547330196465485,0.7648729683669221,0.5996069357634529
869,0.8176373626373626,0.6747690146482714,0.8548010468574327,0.7647850307528521,0.5995229349032841
870,0.8175824175824176,0.6747690146482714,0.8547330196465485,0.7647510171474099,0.5994511645683559
871,0.8176373626373626,0.6750129170872958,0.8547330196465485,0.7648729683669221,0.5996069357634529
872,0.8176373626373626,0.6750129170872958,0.8547330196465485,0.7648729683669221,0.5996069357634529
873,0.8176373626373626,0.6747690146482714,0.8548010468574327,0.7647850307528521,0.5995229349032841
874,0.8175824175824176,0.6747690146482714,0.8547330196465485,0.7647510171474099,0.5994511645683559
875,0.8176923076923077,0.6750129170872958,0.8547967139140643,0.7649048155006801,0.5996934742249914
876,0.8176373626373626,0.6750129170872958,0.8547330196465485,0.7648729683669221,0.5996069357634529
877,0.8176373626373626,0.6747690146482714,0.8548010468574327,0.7647850307528521,0.5995229349032841
878,0.8175824175824176,0.6747690146482714,0.8547330196465485,0.7647510171474099,0.5994511645683559
879,0.8176373626373626,0.6750129170872958,0.8547330196465485,0.7648729683669221,0.5996069357634529
880,0.8176373626373626,0.6750129170872958,0.8547330196465485,0.7648729683669221,0.5996069357634529
881,0.8176373626373626,0.6747690146482714,0.8548010468574327,0.7647850307528521,0.5995229349032841
